Name,Netflows,First_Protocol,Second_Protocol,Third_Protocol,p1_d,p2_d,p3_d,duration,max_d,min_d,#packets,Avg_bps,Avg_pps,Avg_bpp,#Bytes,#sp,#dp,first_sp,second_sp,third_sp,first_dp,second_dp,third_dp,p1_ip,p2_ip,p3_ip,p1_ib,p2_ib,p3_ib,Type
0-csves/0.csv,2,TCP,,,245.091,245.091,245.091,490.182,245.091,245.091,39,468,0,368,14359,2,2,3332,51453,,3332,51453,,17.75,19.5,21.25,3826.75,7179.5,10532.25,mine
0-csves/1.csv,6,TCP,,,122.82399999999998,240.59550000000002,242.3,1134.032,242.868,83.538,99,499,0,357,35402,4,4,3332,51469,51459,3332,51469,51467,12.25,16.0,21.25,476.0,3407.0,11993.0,mine
0-csves/2.csv,2,TCP,,,242.47425,242.47449999999998,242.47474999999997,484.94899999999996,242.475,242.474,39,473,0,367,14350,2,2,3332,51455,,3332,51455,,17.25,19.5,21.75,3814.5,7175.0,10535.5,mine
0-csves/3.csv,4,TCP,,,241.01,241.9955,242.99849999999998,968.0519999999999,243.051,241.01,56,418,0,452,25329,3,3,3332,51435,51431,3332,51435,51431,11.75,14.0,16.25,410.5,5978.0,11899.75,mine
0-csves/4.csv,2,TCP,,,0.12325,0.1235,0.12375,0.247,0.124,0.123,10,103895,65,198,1987,2,2,3332,51431,,3332,51431,,5.0,5.0,5.0,621.25,993.5,1365.75,mine
0-csves/5.csv,2,TCP,,,243.86025,243.8605,243.86075,487.721,243.861,243.86,41,485,0,360,14786,2,2,3332,51448,,3332,51448,,18.75,20.5,22.25,3943.5,7393.0,10842.5,mine
1-csves/0.csv,2,TCP,,,244.563,244.563,244.563,489.126,244.563,244.563,40,483,0,369,14770,2,2,51511,3332,,51511,3332,,18.0,20.0,22.0,3930.5,7385.0,10839.5,mine
1-csves/1.csv,2,TCP,,,242.336,242.336,242.336,484.672,242.336,242.336,39,473,0,368,14354,2,2,3332,51474,,3332,51474,,17.75,19.5,21.25,3826.5,7177.0,10527.5,mine
1-csves/2.csv,4,TCP,,,162.29975,203.724,245.141,814.867,245.141,162.278,69,502,0,371,25608,3,3,3332,51523,51516,3332,51523,51516,15.0,17.0,19.25,456.0,5667.0,11613.0,mine
1-csves/3.csv,4,TCP,,,241.979,243.8155,245.652,975.262,245.652,241.979,85,539,0,387,32909,3,3,3332,51478,51509,3332,51478,51509,18.5,21.5,24.25,526.0,7463.0,15164.25,mine
1-csves/4.csv,4,TCP,,,52.52325,65.015,70.00675,230.06,70.03,30.0,19,472,0,404,7680,2,2,51469,3332,,51469,3332,,4.25,5.0,5.5,85.0,1584.0,3419.0,mine
1-csves/5.csv,2,TCP,,,244.383,244.383,244.383,488.766,244.383,244.383,39,469,0,368,14354,2,2,3332,51471,,3332,51471,,17.75,19.5,21.25,3826.5,7177.0,10527.5,mine
2-csves/0.csv,4,TCP,,,242.052,242.2835,242.51524999999998,969.135,242.516,242.052,71,520,0,444,31545,3,3,3332,51544,51541,3332,51544,51541,16.75,17.5,18.5,506.0,7768.5,15148.75,mine
2-csves/1.csv,4,TCP,,,45.61025,47.6335,50.22800000000001,192.81900000000002,57.968,39.584,29,664,0,302,8776,3,3,3332,51534,51523,3332,51534,51523,5.5,7.0,8.75,257.0,1678.0,3615.0,mine
2-csves/2.csv,2,TCP,,,404.915,404.915,404.915,809.83,404.915,404.915,48,425,0,448,21527,2,2,3332,51549,,3332,51549,,24.0,24.0,24.0,5752.75,10763.5,15774.25,mine
2-csves/3.csv,2,TCP,,,185.43025,185.6845,185.93875000000003,371.369,186.193,185.176,23,455,0,461,10606,2,2,3332,51534,,3332,51534,,11.25,11.5,11.75,2761.5,5303.0,7844.5,mine
2-csves/4.csv,2,TCP,,,242.131,242.131,242.131,484.262,242.131,242.131,40,522,0,395,15827,2,2,51547,3332,,3332,51547,,19.0,20.0,21.0,4214.75,7913.5,11612.25,mine
2-csves/5.csv,4,TCP,,,90.14500000000001,167.545,244.938,670.152,244.938,90.124,62,536,0,362,22485,3,3,3332,51565,51561,3332,51561,51565,11.25,14.0,18.25,441.0,3419.0,8599.25,mine
3-csves/0.csv,2,TCP,,,241.14325,241.14350000000002,241.14375,482.28700000000003,241.144,241.143,40,476,0,359,14374,2,2,3332,51570,,3332,51570,,18.0,20.0,22.0,3831.5,7187.0,10542.5,mine
3-csves/1.csv,2,TCP,,,126.00125,126.0085,126.01575,252.017,126.023,125.994,17,476,0,441,7511,2,2,51565,3332,,3332,51565,,7.75,8.5,9.25,1947.75,3755.5,5563.25,mine
3-csves/2.csv,2,TCP,,,245.10325,245.1035,245.10375,490.207,245.104,245.103,37,456,0,377,13979,2,2,3332,51567,,3332,51567,,17.25,18.5,19.75,3732.75,6989.5,10246.25,mine
3-csves/3.csv,4,TCP,,,200.26725,222.574,244.86225000000002,890.222,244.863,200.211,70,548,0,436,30523,3,3,3332,51592,51586,3332,51592,51586,16.5,17.0,18.0,486.0,7264.0,14408.75,mine
3-csves/4.csv,4,TCP,,,241.183,241.41449999999998,241.64625,965.6589999999999,241.647,241.183,77,475,0,372,28688,3,3,3332,51581,51574,3332,51581,51574,15.75,19.5,23.0,471.0,7177.0,13878.0,mine
3-csves/5.csv,2,TCP,,,240.635,240.635,240.635,481.27,240.635,240.635,39,477,0,368,14363,2,2,3332,51584,,3332,51584,,17.75,19.5,21.25,3828.75,7181.5,10534.25,mine
4-csves/0.csv,6,TCP,,,99.434,245.1445,245.16899999999998,1082.3,245.177,50.793,90,526,0,395,35613,4,4,3332,51634,51640,3332,51634,51640,10.5,18.5,19.0,521.0,2466.0,11942.5,mine
4-csves/1.csv,4,TCP,,,11.232,127.99300000000001,241.02,497.036,241.02,0.03,40,438,0,350,14032,3,3,3332,51610,51614,3332,51610,51614,2.75,10.0,17.25,55.0,278.0,3731.0,mine
4-csves/2.csv,2,TCP,,,244.647,244.647,244.647,489.294,244.647,244.647,33,445,0,413,13631,2,2,3332,51615,,3332,51615,,16.25,16.5,16.75,3645.75,6815.5,9985.25,mine
4-csves/3.csv,2,TCP,,,245.048,245.048,245.048,490.096,245.048,245.048,40,469,0,359,14374,2,2,51626,3332,,3332,51626,,18.0,20.0,22.0,3831.5,7187.0,10542.5,mine
4-csves/4.csv,8,TCP,,,11.238499999999998,30.156000000000002,63.803250000000006,389.058,149.182,0.041,33,498,0,455,15024,3,3,3332,51610,51592,3332,51610,51592,3.0,4.0,5.0,135.25,811.0,1980.25,mine
4-csves/5.csv,2,TCP,,,244.95624999999998,244.9565,244.95675,489.913,244.957,244.956,40,467,0,357,14307,2,2,3332,51624,,3332,51624,,18.0,20.0,22.0,3814.75,7153.5,10492.25,mine
5-csves/0.csv,4,TCP,,,149.72050000000002,195.3345,240.931,781.268,240.931,149.668,55,491,0,436,23994,3,3,3332,51680,51667,3332,51667,51680,11.75,14.0,16.0,451.0,4679.0,10226.5,mine
5-csves/1.csv,2,TCP,,,147.72,154.863,162.006,309.726,169.149,140.577,15,343,0,484,7270,2,2,3332,51642,,3332,51642,,7.25,7.5,7.75,1897.5,3635.0,5372.5,mine
5-csves/2.csv,2,TCP,,,244.572,244.572,244.572,489.144,244.572,244.572,38,533,0,429,16309,2,2,51657,3332,,3332,51657,,18.5,19.0,19.5,4335.25,8154.5,11973.75,mine
5-csves/3.csv,4,TCP,,,243.44775,243.95,244.45225,975.8,244.453,243.447,63,455,0,441,27784,3,3,3332,51654,51652,3332,51654,51652,15.0,15.5,16.25,486.0,6537.5,12997.5,mine
5-csves/4.csv,2,TCP,,,245.93025,245.9305,245.93075,491.861,245.931,245.93,43,560,0,400,17219,2,2,3332,51649,,3332,51649,,19.75,21.5,23.25,4562.75,8609.5,12656.25,mine
5-csves/5.csv,4,TCP,,,68.16125,120.4655,164.85375000000002,450.1980000000001,164.907,44.36,33,496,0,453,14961,3,3,3332,51640,51642,3332,51640,51642,8.0,8.0,8.25,277.0,3175.0,6638.25,mine
6-csves/0.csv,2,TCP,,,65.03025,65.0375,65.04475,130.075,65.052,65.023,13,570,0,357,4643,2,2,51680,3332,,3332,51680,,5.75,6.5,7.25,1210.75,2321.5,3432.25,mine
6-csves/1.csv,4,TCP,,,241.258,241.429,241.60025,965.717,241.601,241.258,79,475,0,363,28728,3,3,3332,51690,51687,3332,51690,51687,16.0,19.5,23.25,476.0,7177.0,13883.0,mine
6-csves/2.csv,2,TCP,,,243.959,243.959,243.959,487.918,243.959,243.959,40,471,0,359,14374,2,2,3332,51683,,3332,51683,,18.0,20.0,22.0,3831.5,7187.0,10542.5,mine
6-csves/3.csv,4,TCP,,,226.71875,237.547,240.89225,920.256,240.893,204.269,66,485,0,437,28851,3,3,3332,51708,51702,3332,51708,51702,15.0,15.5,17.0,473.0,7145.5,13885.25,mine
6-csves/4.csv,4,TCP,,,18.041,131.31900000000002,244.597,525.2760000000001,244.597,18.041,53,509,0,315,16737,3,3,3332,51698,51695,3332,51698,51695,7.75,12.0,17.5,436.0,1146.0,4894.25,mine
6-csves/5.csv,2,TCP,,,243.856,243.856,243.856,487.712,243.856,243.856,40,471,0,359,14376,2,2,3332,51699,,3332,51699,,18.0,20.0,22.0,3832.5,7188.0,10543.5,mine
7-csves/0.csv,4,TCP,,,7.48325,135.07000000000002,260.172,530.3410000000001,260.172,0.029,39,409,0,354,13822,3,3,3332,51708,51712,3332,51708,51712,2.75,9.5,16.5,55.0,269.0,3669.5,mine
7-csves/1.csv,2,TCP,,,243.15525000000002,243.15550000000002,243.15575,486.31100000000004,243.156,243.155,40,473,0,359,14387,2,2,51730,3332,,3332,51730,,18.0,20.0,22.0,3835.75,7193.5,10551.25,mine
7-csves/3.csv,6,TCP,,,93.88275,241.44,242.21475000000004,1057.191,242.473,44.668,97,513,0,349,33923,4,4,3332,51757,51748,3332,51757,51748,11.5,16.0,21.25,478.0,2669.0,11625.0,mine
7-csves/4.csv,2,TCP,,,244.67,244.67,244.67,489.34,244.67,244.67,32,438,0,419,13423,2,2,3332,51718,,3332,51718,,16.0,16.0,16.0,3594.75,6711.5,9828.25,mine
7-csves/5.csv,2,TCP,,,243.13524999999998,243.13549999999998,243.13575,486.27099999999996,243.136,243.135,35,456,0,396,13876,2,2,51723,3332,,3332,51723,,16.75,17.5,18.25,3708.0,6938.0,10168.0,mine
7-csves/6.csv,2,TCP,,,244.65425,244.65449999999998,244.65475,489.30899999999997,244.655,244.654,39,538,0,422,16461,2,2,3332,51714,,3332,51714,,19.25,19.5,19.75,4394.25,8230.5,12066.75,mine
8-csves/0.csv,2,TCP,,,243.41,243.41,243.41,486.82,243.41,243.41,42,530,0,384,16139,2,2,3332,51770,,3332,51770,,19.5,21.0,22.5,4293.75,8069.5,11845.25,mine
8-csves/1.csv,4,TCP,,,149.61950000000002,196.7045,243.772,786.748,243.772,149.567,57,460,0,397,22643,3,3,3332,51776,51779,3332,51776,51779,11.75,14.5,17.0,468.0,4691.0,9883.75,mine
8-csves/2.csv,4,TCP,,,244.202,244.704,245.20624999999998,978.817,245.207,244.202,82,478,0,356,29258,3,3,3332,51766,51769,3332,51766,51769,16.75,20.5,24.25,493.0,7199.0,14020.5,mine
8-csves/3.csv,2,TCP,,,242.304,242.304,242.304,484.608,242.304,242.304,45,541,0,364,16400,2,2,3332,51762,,3332,51762,,20.25,22.5,24.75,4359.0,8200.0,12041.0,mine
8-csves/4.csv,2,TCP,,,176.08625,176.0935,176.10075,352.187,176.108,176.079,22,417,0,418,9200,2,2,3332,51759,,3332,51759,,9.5,11.0,12.5,2380.0,4600.0,6820.0,mine
8-csves/5.csv,6,TCP,,,43.271,49.5015,79.5775,390.60800000000006,119.638,41.17,40,546,0,359,14378,3,3,3332,51757,51759,3332,51757,51759,4.25,6.5,8.75,139.5,943.0,4037.0,mine
9-csves/0.csv,4,TCP,,,241.89975,242.74349999999998,243.58724999999998,970.9739999999999,243.588,241.899,69,459,0,403,27869,3,3,3332,51788,51792,3332,51788,51792,15.75,16.5,18.0,493.0,6740.5,13214.75,mine
9-csves/1.csv,2,TCP,,,245.428,245.428,245.428,490.856,245.428,245.428,38,458,0,370,14070,2,2,3332,51785,,3332,51785,,17.5,19.0,20.5,3756.5,7035.0,10313.5,mine
9-csves/2.csv,2,TCP,,,65.03174999999999,65.0495,65.06725,130.099,65.085,65.014,10,538,0,438,4382,2,2,3332,51779,,3332,51779,,5.0,5.0,5.0,1145.5,2191.0,3236.5,mine
9-csves/3.csv,2,TCP,,,244.048,244.048,244.048,488.096,244.048,244.048,33,446,0,413,13635,2,2,51797,3332,,51797,3332,,16.25,16.5,16.75,3647.75,6817.5,9987.25,mine
9-csves/4.csv,6,TCP,,,60.40225,240.77550000000002,244.0775,972.394,245.178,0.209,80,513,0,389,31194,4,4,3332,51812,51815,3332,51812,51815,8.5,16.5,17.0,483.0,1114.5,10307.25,mine
9-csves/5.csv,2,TCP,,,245.035,245.035,245.035,490.07,245.035,245.035,36,505,0,430,15483,2,2,3332,51794,,3332,51794,,18.0,18.0,18.0,4129.75,7741.5,11353.25,mine
10-csves/0.csv,2,TCP,,,245.385,245.385,245.385,490.77,245.385,245.385,31,436,0,432,13394,2,2,3332,51839,,3332,51839,,15.25,15.5,15.75,3587.5,6697.0,9806.5,mine
10-csves/1.csv,2,TCP,,,212.08550000000002,212.09300000000002,212.1005,424.18600000000004,212.108,212.078,24,445,0,492,11813,2,2,3332,51815,,3332,51815,,11.5,12.0,12.5,3063.25,5906.5,8749.75,mine
10-csves/2.csv,6,TCP,,,119.222,240.69549999999998,243.333,1127.2489999999998,244.213,78.702,89,482,0,382,34008,4,4,3332,51849,51845,3332,51849,51845,12.25,16.0,16.0,478.0,3409.0,11236.75,mine
10-csves/3.csv,2,TCP,,,245.148,245.148,245.148,490.296,245.148,245.148,31,471,0,466,14452,2,2,51818,3332,,51818,3332,,15.25,15.5,15.75,3842.0,7226.0,10610.0,mine
10-csves/4.csv,2,TCP,,,245.753,245.753,245.753,491.506,245.753,245.753,35,445,0,390,13678,2,2,51821,3332,,51821,3332,,17.25,17.5,17.75,3668.5,6839.0,10009.5,mine
10-csves/5.csv,2,TCP,,,242.90849999999998,242.909,242.9095,485.818,242.91,242.908,38,491,0,392,14931,2,2,3332,51841,,3332,51841,,18.5,19.0,19.5,3991.75,7465.5,10939.25,mine
11-csves/0.csv,2,TCP,,,241.20024999999998,241.20049999999998,241.20074999999997,482.40099999999995,241.201,241.2,36,520,0,435,15684,2,2,3332,51858,,3332,51858,,18.0,18.0,18.0,4180.0,7842.0,11504.0,mine
11-csves/1.csv,4,TCP,,,243.206,244.0385,244.87125000000003,976.1550000000001,244.872,243.206,78,467,0,365,28515,3,3,3332,51870,51863,3332,51870,51863,16.0,19.5,23.0,478.0,7078.5,13729.25,mine
11-csves/2.csv,2,TCP,,,132.61825,132.6255,132.63275,265.251,132.64,132.611,19,463,0,404,7680,2,2,3332,51853,,3332,51853,,8.25,9.5,10.75,1990.0,3840.0,5690.0,mine
11-csves/3.csv,4,TCP,,,198.76775,220.53750000000002,242.3,882.121,242.3,198.746,77,527,0,377,29072,3,3,3332,51874,51880,3332,51874,51880,16.75,19.0,21.5,574.0,7243.0,13937.0,mine
11-csves/4.csv,2,TCP,,,244.628,244.628,244.628,489.256,244.628,244.628,40,470,0,359,14378,2,2,51855,3332,,3332,51855,,18.0,20.0,22.0,3833.5,7189.0,10544.5,mine
11-csves/5.csv,2,TCP,,,241.883,241.883,241.883,483.766,241.883,241.883,40,475,0,359,14378,2,2,3332,51872,,3332,51872,,18.0,20.0,22.0,3833.5,7189.0,10544.5,mine
12-csves/0.csv,2,TCP,,,242.421,242.421,242.421,484.842,242.421,242.421,40,474,0,359,14378,2,2,3332,51895,,3332,51895,,18.0,20.0,22.0,3833.5,7189.0,10544.5,mine
12-csves/1.csv,2,TCP,,,252.891,252.891,252.891,505.782,252.891,252.891,40,455,0,359,14387,2,2,3332,51889,,3332,51889,,18.0,20.0,22.0,3835.75,7193.5,10551.25,mine
12-csves/2.csv,2,TCP,,,241.01125000000002,241.0115,241.01175,482.023,241.012,241.011,45,544,0,364,16400,2,2,3332,51893,,3332,51893,,20.25,22.5,24.75,4359.0,8200.0,12041.0,mine
12-csves/3.csv,2,TCP,,,20.024250000000002,20.0315,20.03875,40.063,20.046,20.017,7,638,0,228,1601,2,2,3332,51880,,3332,51880,,3.25,3.5,3.75,430.25,800.5,1170.75,mine
12-csves/4.csv,4,TCP,,,244.41074999999998,244.723,245.03525000000002,978.892,245.036,244.41,78,469,0,368,28716,3,3,3332,51887,51883,3332,51887,51883,16.0,19.5,23.0,478.0,7179.0,13880.0,mine
12-csves/5.csv,6,TCP,,,77.306,242.5075,244.23525,1019.0860000000001,244.811,22.21,99,540,0,347,34416,4,4,3332,51898,51905,3332,51898,51905,11.5,16.0,22.0,478.0,2900.0,11755.5,mine
13-csves/0.csv,4,TCP,,,114.79299999999999,180.0435,245.27525000000003,720.0989999999999,245.276,114.736,50,437,0,394,19708,3,3,3332,51931,51934,3332,51931,51934,10.0,12.5,15.0,433.0,3820.0,8314.0,mine
13-csves/1.csv,2,TCP,,,196.18225,196.1895,196.19675,392.379,196.204,196.175,22,420,0,469,10318,2,2,3332,51905,,3332,51905,,10.5,11.0,11.5,2679.5,5159.0,7638.5,mine
13-csves/2.csv,2,TCP,,,244.14325,244.14350000000002,244.14375,488.28700000000003,244.144,244.143,32,446,0,425,13615,2,2,3332,51911,,3332,51911,,16.0,16.0,16.0,3642.75,6807.5,9972.25,mine
13-csves/3.csv,2,TCP,,,244.046,244.046,244.046,488.092,244.046,244.046,32,439,0,419,13414,2,2,3332,51908,,3332,51908,,16.0,16.0,16.0,3592.5,6707.0,9821.5,mine
13-csves/4.csv,2,TCP,,,246.795,246.795,246.795,493.59,246.795,246.795,37,451,0,376,13919,2,2,51915,3332,,51915,3332,,17.75,18.5,19.25,3728.75,6959.5,10190.25,mine
13-csves/5.csv,4,TCP,,,241.275,243.043,244.81125,972.173,244.812,241.275,65,461,0,431,28036,3,3,3332,51918,51921,3332,51918,51921,14.75,16.5,18.0,503.0,6641.5,13147.5,mine
14-csves/0.csv,2,TCP,,,241.01625,241.01850000000002,241.02075,482.03700000000003,241.023,241.014,34,474,0,420,14304,2,2,3332,51938,,3332,51938,,17.0,17.0,17.0,3825.0,7152.0,10479.0,mine
14-csves/1.csv,4,TCP,,,240.23675,242.201,244.165,968.8029999999999,244.165,240.236,64,429,0,406,26017,3,3,3332,51941,51945,3332,51941,51945,15.0,16.0,17.0,488.0,6338.5,12354.75,mine
14-csves/2.csv,2,TCP,,,100.77925,100.7985,100.81775,201.597,100.837,100.76,14,474,0,427,5984,2,2,3332,51934,,3332,51934,,7.0,7.0,7.0,1566.0,2992.0,4418.0,mine
14-csves/3.csv,2,TCP,,,245.02025,245.0205,245.02075,490.041,245.021,245.02,30,414,0,423,12704,2,2,3332,51946,,3332,51946,,15.0,15.0,15.0,3405.0,6352.0,9299.0,mine
14-csves/4.csv,4,TCP,,,211.3065,227.947,244.57,911.718,244.57,211.254,64,479,0,427,27347,3,3,3332,51960,51953,3332,51960,51953,14.0,16.0,18.0,498.0,6234.5,12573.25,mine
14-csves/5.csv,2,TCP,,,241.03924999999998,241.03949999999998,241.03975,482.07899999999995,241.04,241.039,39,482,0,372,14531,2,2,3332,51948,,3332,51948,,19.25,19.5,19.75,3901.75,7265.5,10629.25,mine
15-csves/0.csv,2,TCP,,,244.99,244.99,244.99,489.98,244.99,244.99,36,468,0,398,14344,2,2,51968,3332,,51968,3332,,18.0,18.0,18.0,3845.0,7172.0,10499.0,mine
15-csves/1.csv,2,TCP,,,217.46275,217.4805,217.49824999999998,434.961,217.516,217.445,20,377,0,513,10271,2,2,3332,51964,,3332,51964,,10.0,10.0,10.0,2667.75,5135.5,7603.25,mine
15-csves/2.csv,2,TCP,,,242.15525000000002,242.15550000000002,242.15575,484.31100000000004,242.156,242.155,29,430,0,448,13019,2,2,3332,51973,,3332,51973,,14.25,14.5,14.75,3483.75,6509.5,9535.25,mine
15-csves/3.csv,8,TCP,,,3.7445000000000004,14.990499999999999,79.055,542.423,241.164,0.04,56,593,0,359,20137,4,4,3332,51964,51960,3332,51964,51960,3.0,3.5,7.5,149.5,885.0,1549.25,mine
15-csves/4.csv,6,TCP,,,101.8905,242.5025,243.36174999999997,1082.2710000000002,243.648,54.95,97,519,0,362,35119,4,4,3332,51994,51997,3332,51997,51980,10.0,16.5,22.25,483.0,2491.5,11553.0,mine
15-csves/5.csv,2,TCP,,,243.44025,243.4405,243.44074999999998,486.881,243.441,243.44,35,453,0,394,13809,2,2,3332,51978,,3332,51978,,16.75,17.5,18.25,3691.25,6904.5,10117.75,mine
16-csves/0.csv,2,TCP,,,245.53525000000002,245.5355,245.53574999999998,491.071,245.536,245.535,41,518,0,388,15929,2,2,52003,3332,,3332,52003,,19.25,20.5,21.75,4241.25,7964.5,11687.75,mine
16-csves/1.csv,4,TCP,,,159.66750000000002,202.503,245.32125,809.943,245.322,159.615,56,473,0,427,23949,3,3,3332,52019,52022,3332,52019,52022,12.75,14.0,15.25,458.0,5384.5,10913.75,mine
16-csves/2.csv,4,TCP,,,240.82875,241.647,242.4655,966.5889999999999,242.467,240.828,62,427,0,416,25853,3,3,3332,52009,52006,3332,52009,52006,15.0,15.5,16.0,473.0,6194.5,12184.75,mine
16-csves/3.csv,2,TCP,,,159.4675,159.485,159.5025,318.97,159.52,159.45,16,435,0,542,8678,2,2,3332,51997,,3332,51997,,8.0,8.0,8.0,2249.5,4339.0,6428.5,mine
16-csves/4.csv,2,TCP,,,245.076,245.076,245.076,490.152,245.076,245.076,38,459,0,370,14070,2,2,3332,51999,,3332,51999,,17.5,19.0,20.5,3756.5,7035.0,10313.5,mine
16-csves/5.csv,2,TCP,,,241.4155,241.416,241.41649999999998,482.832,241.417,241.415,37,485,0,395,14643,2,2,52011,3332,,52011,3332,,18.25,18.5,18.75,3919.75,7321.5,10723.25,mine
17-csves/0.csv,4,TCP,,,244.60775,245.1875,245.76725,980.75,245.768,244.607,73,501,0,421,30764,3,3,3332,52029,52034,3332,52034,52029,17.0,18.0,19.25,528.0,7138.5,14301.5,mine
17-csves/1.csv,6,TCP,,,72.4395,245.232,245.8185,1012.147,246.014,14.813,93,510,0,347,32316,4,4,3332,52061,52043,3332,52061,52043,9.25,16.0,21.25,478.0,1909.0,11216.5,mine
17-csves/2.csv,2,TCP,,,243.54,243.54,243.54,487.08,243.54,243.54,40,472,0,359,14387,2,2,3332,52027,,3332,52027,,18.0,20.0,22.0,3835.75,7193.5,10551.25,mine
17-csves/3.csv,2,TCP,,,243.56525,243.5655,243.56574999999998,487.131,243.566,243.565,34,424,0,380,12921,2,2,52037,3332,,52037,3332,,17.0,17.0,17.0,3479.25,6460.5,9441.75,mine
17-csves/4.csv,2,TCP,,,244.751,244.751,244.751,489.502,244.751,244.751,32,483,0,462,14807,2,2,3332,52039,,3332,52039,,16.0,16.0,16.0,3940.75,7403.5,10866.25,mine
17-csves/5.csv,2,TCP,,,54.2155,54.233000000000004,54.2505,108.46600000000001,54.268,54.198,9,447,0,337,3033,2,2,3332,52022,,3332,52022,,4.25,4.5,4.75,798.25,1516.5,2234.75,mine
18-csves/0.csv,4,TCP,,,244.49175,245.32049999999998,246.149,981.281,246.149,244.491,79,494,0,383,30332,3,3,3332,52072,52077,3332,52077,52072,18.0,18.0,19.75,518.0,7047.5,14112.5,mine
18-csves/1.csv,2,TCP,,,244.58825000000002,244.5885,244.58875,489.177,244.589,244.588,40,465,0,356,14244,2,2,3332,52067,,3332,52067,,18.0,20.0,22.0,3800.0,7122.0,10444.0,mine
18-csves/2.csv,2,TCP,,,242.83124999999998,242.8315,242.83175,485.663,242.832,242.831,40,473,0,359,14378,2,2,3332,52069,,3332,52069,,18.0,20.0,22.0,3833.5,7189.0,10544.5,mine
18-csves/3.csv,2,TCP,,,245.49675000000002,245.4975,245.49824999999998,490.995,245.499,245.496,33,444,0,413,13635,2,2,3332,52063,,3332,52063,,16.25,16.5,16.75,3647.75,6817.5,9987.25,mine
18-csves/4.csv,8,TCP,,,0.0,14.9705,65.01725,279.712,109.838,0.0,28,502,0,448,12568,2,2,3332,52061,,3332,52061,,1.0,2.0,6.25,20.0,90.0,2250.0,mine
18-csves/5.csv,4,TCP,,,91.4,168.16250000000002,244.907,672.5780000000001,244.907,91.346,50,483,0,406,20306,3,3,3332,52081,52084,3332,52081,52084,10.0,12.5,15.0,433.0,3918.0,8561.5,mine
19-csves/0.csv,2,TCP,,,243.078,243.078,243.078,486.156,243.078,243.078,40,471,0,358,14320,2,2,3332,52086,,3332,52086,,18.0,20.0,22.0,3819.0,7160.0,10501.0,mine
19-csves/1.csv,2,TCP,,,120.22975000000001,120.2475,120.26525,240.495,120.283,120.212,12,479,0,600,7205,2,2,3332,52084,,3332,52084,,6.0,6.0,6.0,1861.25,3602.5,5343.75,mine
19-csves/2.csv,2,TCP,,,244.689,244.689,244.689,489.378,244.689,244.689,40,470,0,359,14387,2,2,52090,3332,,3332,52090,,18.0,20.0,22.0,3835.75,7193.5,10551.25,mine
19-csves/3.csv,2,TCP,,,241.05925000000002,241.0595,241.05975,482.119,241.06,241.059,40,477,0,359,14387,2,2,52102,3332,,3332,52102,,18.0,20.0,22.0,3835.75,7193.5,10551.25,mine
19-csves/4.csv,4,TCP,,,241.331,242.3175,243.304,969.27,243.304,241.331,84,507,0,366,30758,3,3,3332,52094,52098,3332,52094,52098,17.5,21.0,24.5,508.0,7209.0,14390.5,mine
19-csves/5.csv,4,TCP,,,177.21175,209.29899999999998,241.37924999999998,837.1679999999999,241.38,177.19,69,489,0,371,25616,3,3,3332,52110,52104,3332,52110,52104,15.0,17.0,19.25,458.0,5669.0,11615.0,mine
20-csves/0.csv,4,TCP,,,241.048,243.3715,245.695,973.4859999999999,245.695,241.048,79,472,0,363,28745,3,3,3332,52116,52113,3332,52116,52113,16.0,19.5,23.25,478.0,7183.5,13891.75,mine
20-csves/1.csv,2,TCP,,,34.88525,34.8925,34.89975,69.785,34.907,34.878,15,1178,0,342,5142,2,2,3332,52110,,3332,52110,,6.75,7.5,8.25,1345.5,2571.0,3796.5,mine
20-csves/2.csv,2,TCP,,,243.81625,243.81650000000002,243.81675,487.63300000000004,243.817,243.816,39,471,0,368,14367,2,2,3332,52127,,3332,52127,,17.75,19.5,21.25,3830.75,7183.5,10536.25,mine
20-csves/3.csv,2,TCP,,,241.007,241.007,241.007,482.014,241.007,241.007,40,475,0,358,14320,2,2,52125,3332,,52125,3332,,18.0,20.0,22.0,3819.0,7160.0,10501.0,mine
20-csves/4.csv,6,TCP,,,95.86025000000001,245.0215,245.17950000000002,1072.716,245.232,46.069,88,514,0,392,34501,4,4,3332,52136,52140,3332,52136,52140,9.5,14.5,19.5,488.0,2533.0,10097.25,mine
20-csves/5.csv,2,TCP,,,241.88825,241.88850000000002,241.88875000000002,483.77700000000004,241.889,241.888,39,483,0,375,14629,2,2,3332,52119,,3332,52119,,18.25,19.5,20.75,3906.25,7314.5,10722.75,mine
21-csves/0.csv,2,TCP,,,243.924,243.924,243.924,487.848,243.924,243.924,40,471,0,359,14378,2,2,52147,3332,,52147,3332,,18.0,20.0,22.0,3833.5,7189.0,10544.5,mine
21-csves/1.csv,4,TCP,,,146.18975,195.3465,244.496,781.357,244.496,146.168,65,493,0,370,24085,3,3,3332,52170,52175,3332,52170,52175,14.0,15.0,17.25,438.0,4899.0,10482.25,mine
21-csves/2.csv,2,TCP,,,241.49425,241.49450000000002,241.49475,482.98900000000003,241.495,241.494,41,525,0,386,15858,2,2,52158,3332,,52158,3332,,18.25,20.5,22.75,4203.5,7929.0,11654.5,mine
21-csves/3.csv,4,TCP,,,241.994,242.47199999999998,242.95024999999998,969.889,242.951,241.994,80,498,0,377,30229,3,3,3332,52152,52155,3332,52152,52155,17.5,20.0,22.5,508.0,7146.5,14195.75,mine
21-csves/4.csv,2,TCP,,,244.87150000000003,244.872,244.87249999999997,489.744,244.873,244.871,40,467,0,357,14311,2,2,3332,52144,,3332,52144,,18.0,20.0,22.0,3816.75,7155.5,10494.25,mine
21-csves/5.csv,2,TCP,,,168.41049999999998,168.428,168.4455,336.856,168.463,168.393,16,412,0,542,8684,2,2,3332,52140,,3332,52140,,8.0,8.0,8.0,2251.0,4342.0,6433.0,mine
22-csves/0.csv,4,TCP,,,242.87975,244.075,245.27025,976.3,245.271,242.879,84,503,0,366,30758,3,3,3332,52183,52186,3332,52183,52186,17.5,20.5,24.0,508.0,7199.0,14380.5,mine
22-csves/1.csv,2,TCP,,,242.488,242.488,242.488,484.976,242.488,242.488,37,465,0,381,14117,2,2,3332,52188,,3332,52188,,17.25,18.5,19.75,3768.25,7058.5,10348.75,mine
22-csves/2.csv,2,TCP,,,245.247,245.247,245.247,490.494,245.247,245.247,45,533,0,363,16344,2,2,3332,52190,,3332,52190,,20.25,22.5,24.75,4345.0,8172.0,11999.0,mine
22-csves/3.csv,6,TCP,,,64.38925,242.611,243.96849999999998,983.9989999999999,244.421,4.953,95,527,0,341,32425,4,4,3332,52195,52205,3332,52205,52201,10.0,16.0,22.0,478.0,1920.0,11265.5,mine
22-csves/4.csv,4,TCP,,,0.052750000000000005,32.518,64.98625,130.08399999999997,65.008,0.04,19,775,0,332,6312,3,3,3332,52179,52175,3332,52179,52175,3.0,4.0,5.75,136.0,836.0,2278.0,mine
22-csves/5.csv,2,TCP,,,242.10125,242.1085,242.11575,484.217,242.123,242.094,33,419,0,384,12686,2,2,3332,52179,,3332,52179,,14.75,16.5,18.25,3336.5,6343.0,9349.5,mine
23-csves/0.csv,4,TCP,,,244.668,244.9375,245.20725,979.751,245.208,244.668,80,469,0,359,28756,3,3,3332,52220,52224,3332,52220,52224,16.0,20.0,24.0,478.0,7189.0,13900.0,mine
23-csves/1.csv,4,TCP,,,85.23275,164.9875,244.73525,659.922,244.736,85.211,66,559,0,349,23098,3,3,3332,52230,52238,3332,52238,52230,11.25,15.0,20.25,473.0,3439.0,8740.5,mine
23-csves/2.csv,2,TCP,,,248.59725000000003,248.59750000000003,248.59775000000002,497.19500000000005,248.598,248.597,30,413,0,427,12838,2,2,3332,52206,,3332,52206,,15.0,15.0,15.0,3438.5,6419.0,9399.5,mine
23-csves/3.csv,2,TCP,,,205.6805,205.688,205.6955,411.376,205.703,205.673,29,551,0,488,14180,2,2,3332,52205,,3332,52205,,13.75,14.5,15.25,3675.0,7090.0,10505.0,mine
23-csves/4.csv,2,TCP,,,241.275,241.275,241.275,482.55,241.275,241.275,35,460,0,396,13876,2,2,3332,52211,,3332,52211,,16.75,17.5,18.25,3708.0,6938.0,10168.0,mine
23-csves/5.csv,2,TCP,,,242.87525,242.8755,242.87575,485.751,242.876,242.875,40,473,0,359,14378,2,2,3332,52215,,3332,52215,,18.0,20.0,22.0,3833.5,7189.0,10544.5,mine
24-csves/0.csv,2,TCP,,,126.79525,126.8025,126.80975,253.605,126.817,126.788,19,484,0,404,7680,2,2,52238,3332,,3332,52238,,8.25,9.5,10.75,1990.0,3840.0,5690.0,mine
24-csves/1.csv,4,TCP,,,170.75775,206.324,241.88325,825.268,241.884,170.736,69,492,0,368,25415,3,3,3332,52266,52260,3332,52266,52260,15.0,17.0,19.25,458.0,5669.0,11564.75,mine
24-csves/2.csv,2,TCP,,,243.73525,243.7355,243.73575,487.471,243.736,243.735,32,442,0,421,13481,2,2,3332,52256,,3332,52256,,16.0,16.0,16.0,3609.25,6740.5,9871.75,mine
24-csves/3.csv,2,TCP,,,241.74025,241.7405,241.74075000000002,483.481,241.741,241.74,42,538,0,387,16273,2,2,3332,52240,,3332,52240,,19.0,21.0,23.0,4317.25,8136.5,11955.75,mine
24-csves/4.csv,2,TCP,,,245.73725000000002,245.7375,245.73774999999998,491.475,245.738,245.737,39,461,0,363,14166,2,2,52244,3332,,52244,3332,,17.75,19.5,21.25,3780.5,7083.0,10385.5,mine
24-csves/5.csv,4,TCP,,,240.57850000000002,241.096,241.613,964.3820000000001,241.613,240.577,78,513,0,396,30958,3,3,3332,52249,52255,3332,52249,52255,19.25,20.0,20.25,543.0,7229.0,14425.5,mine
25-csves/0.csv,4,TCP,,,242.864,243.696,244.528,974.784,244.528,242.864,78,471,0,368,28716,3,3,3332,52283,52287,3332,52283,52287,16.0,19.5,23.0,478.0,7179.0,13880.0,mine
25-csves/1.csv,6,TCP,,,0.06475,12.586500000000001,169.52075,460.59,217.694,0.0,42,475,0,343,14418,3,3,3332,52268,52266,3332,52268,52266,3.0,6.0,9.0,80.0,239.0,2507.0,mine
25-csves/2.csv,3,TCP,,,121.26,242.52,242.5205,485.041,242.521,0.0,40,474,0,359,14378,2,3,3332,52269,,3332,52268,52269,8.5,16.0,19.5,249.0,478.0,7179.0,mine
25-csves/3.csv,2,TCP,,,245.157,245.157,245.157,490.314,245.157,245.157,41,484,0,362,14861,2,2,52275,3332,,52275,3332,,18.75,20.5,22.25,3964.25,7430.5,10896.75,mine
25-csves/4.csv,4,TCP,,,91.8325,166.336,240.83225,665.315,240.833,91.81,64,543,0,353,22596,3,3,3332,52305,52298,3332,52305,52298,13.0,15.0,18.0,448.0,4169.0,9370.0,mine
25-csves/5.csv,2,TCP,,,242.856,242.856,242.856,485.712,242.856,242.856,38,472,0,377,14338,2,2,3332,52278,,3332,52278,,17.0,19.0,21.0,3813.5,7169.0,10524.5,mine
26-csves/0.csv,2,TCP,,,241.982,241.982,241.982,483.964,241.982,241.982,40,475,0,359,14378,2,2,3332,52311,,3332,52311,,18.0,20.0,22.0,3833.5,7189.0,10544.5,mine
26-csves/1.csv,4,TCP,,,241.43075,241.923,242.415,967.691,242.415,241.43,84,508,0,366,30758,3,3,3332,52321,52314,3332,52321,52314,17.5,20.5,24.0,508.0,7199.0,14380.5,mine
26-csves/2.csv,5,TCP,,,0.0,0.039,89.941,209.99,120.01,0.0,20,422,0,317,6340,3,3,3332,52305,52307,3332,52305,52307,2.0,3.0,6.0,120.0,148.0,1500.0,mine
26-csves/3.csv,2,TCP,,,244.94225,247.0275,249.11275,494.055,251.198,242.857,36,452,0,394,14198,2,2,3332,52307,,3332,52307,,15.5,18.0,20.5,3714.5,7099.0,10483.5,mine
26-csves/4.csv,4,TCP,,,169.33175,206.511,243.68325,826.0160000000001,243.684,169.31,75,536,0,369,27676,3,3,3332,52327,52334,3332,52327,52334,16.5,18.0,20.25,488.0,5692.5,12123.5,mine
26-csves/5.csv,2,TCP,,,240.965,240.965,240.965,481.93,240.965,240.965,39,476,0,368,14358,2,2,3332,52324,,3332,52324,,17.75,19.5,21.25,3828.5,7179.0,10529.5,mine
27-csves/0.csv,4,TCP,,,240.819,241.233,241.64725,964.933,241.648,240.819,64,431,0,406,26038,3,3,3332,52339,52341,3332,52341,52339,13.5,15.0,17.5,436.0,6068.0,12141.5,mine
27-csves/1.csv,6,TCP,,,87.43425,241.8125,244.23925,1045.597,245.049,35.9,95,566,0,389,37000,4,4,3332,52363,52376,3332,52363,52376,10.5,18.5,19.75,523.0,2580.0,12618.5,mine
27-csves/2.csv,2,TCP,,,245.32950000000002,245.32999999999998,245.33049999999997,490.65999999999997,245.331,245.329,44,532,0,371,16324,2,2,3332,52354,,3332,52354,,20.0,22.0,24.0,4340.0,8162.0,11984.0,mine
27-csves/3.csv,4,TCP,,,0.1215,22.519499999999997,44.917249999999996,90.077,44.939,0.099,18,889,0,278,5010,3,3,3332,52339,52334,3332,52334,52339,4.0,4.0,4.5,146.0,944.0,2050.5,mine
27-csves/4.csv,2,TCP,,,244.24025,244.2405,244.24075000000002,488.481,244.241,244.24,40,470,0,359,14378,2,2,52345,3332,,52345,3332,,18.0,20.0,22.0,3833.5,7189.0,10544.5,mine
27-csves/5.csv,2,TCP,,,243.67425000000003,243.67450000000002,243.67475000000002,487.34900000000005,243.675,243.674,40,484,0,369,14773,2,2,3332,52358,,3332,52358,,18.5,20.0,21.5,3942.25,7386.5,10830.75,mine
28-csves/0.csv,2,TCP,,,127.84774999999999,135.24450000000002,142.64125,270.48900000000003,150.038,120.451,18,405,0,422,7598,2,2,3332,52379,,3332,52379,,8.0,9.0,10.0,1969.5,3799.0,5628.5,mine
28-csves/1.csv,2,TCP,,,241.391,241.391,241.391,482.782,241.391,241.391,40,476,0,359,14378,2,2,3332,52386,,3332,52386,,18.0,20.0,22.0,3833.5,7189.0,10544.5,mine
28-csves/2.csv,2,TCP,,,167.88025,167.88049999999998,167.88075,335.76099999999997,167.881,167.88,31,467,0,316,9818,2,2,3332,52403,,3332,52403,,14.25,15.5,16.75,2663.5,4909.0,7154.5,mine
28-csves/3.csv,2,TCP,,,216.56675,216.5845,216.60225,433.169,216.62,216.549,36,508,0,382,13762,2,2,52406,3332,,52406,3332,,16.5,18.0,19.5,3669.5,6881.0,10092.5,mine
28-csves/4.csv,2,TCP,,,245.91125,245.9115,245.91174999999998,491.823,245.912,245.911,40,467,0,359,14387,2,2,3332,52383,,3332,52383,,18.0,20.0,22.0,3835.75,7193.5,10551.25,mine
28-csves/5.csv,4,TCP,,,243.93175,244.5865,245.241,978.345,245.241,243.931,79,469,0,363,28736,3,3,3332,52397,52395,3332,52397,52395,16.0,19.5,23.25,478.0,7179.0,13885.0,mine
28-csves/6.csv,6,TCP,,,7.829,46.7,148.43975,447.92,177.295,0.0,42,509,0,408,17148,3,3,3332,52379,52376,3332,52379,52376,3.5,8.0,10.25,199.5,909.5,5083.0,mine
29-csves/0.csv,2,TCP,,,249.6055,249.613,249.6205,499.226,249.628,249.598,33,438,0,414,13690,2,2,3332,52413,,3332,52413,,15.75,16.5,17.25,3645.5,6845.0,10044.5,mine
29-csves/1.csv,5,TCP,,,25.023,25.052,243.878,537.8309999999999,243.878,0.0,48,474,0,332,15943,4,3,3332,52406,52411,3332,52406,52411,3.0,4.0,16.0,60.0,478.0,1540.0,mine
29-csves/2.csv,6,TCP,,,91.68325,244.528,244.85725000000002,1060.3890000000001,244.967,40.664,85,499,0,389,33121,4,4,3332,52431,52447,3332,52431,52447,10.25,17.0,17.0,503.0,2468.0,10866.5,mine
29-csves/3.csv,2,TCP,,,245.13,245.13,245.13,490.26,245.13,245.13,31,423,0,419,12992,2,2,3332,52427,,3332,52427,,15.25,15.5,15.75,3487.0,6496.0,9505.0,mine
29-csves/4.csv,2,TCP,,,242.65625000000003,242.6565,242.65675,485.313,242.657,242.656,36,510,0,430,15483,2,2,3332,52416,,3332,52416,,17.5,18.0,18.5,4119.75,7741.5,11363.25,mine
29-csves/5.csv,2,TCP,,,243.96625,243.9665,243.96675000000002,487.933,243.967,243.966,32,426,0,406,13012,2,2,52425,3332,,3332,52425,,16.0,16.0,16.0,3492.0,6506.0,9520.0,mine
30-csves/0.csv,2,TCP,,,244.232,244.232,244.232,488.464,244.232,244.232,32,472,0,450,14415,2,2,52451,3332,,52451,3332,,16.0,16.0,16.0,3842.75,7207.5,10572.25,mine
30-csves/1.csv,4,TCP,,,241.396,243.336,245.276,973.344,245.276,241.396,66,448,0,413,27279,3,3,3332,52459,52462,3332,52459,52462,16.0,16.5,17.0,478.0,6817.5,13159.25,mine
30-csves/2.csv,4,TCP,,,142.3255,193.4075,244.47225000000003,773.561,244.473,142.273,55,473,0,416,22880,3,3,3332,52468,52476,3332,52468,52476,11.0,13.5,16.25,453.0,4668.0,9935.0,mine
30-csves/3.csv,2,TCP,,,245.013,245.013,245.013,490.026,245.013,245.013,33,445,0,413,13635,2,2,3332,52454,,3332,52454,,16.25,16.5,16.75,3647.75,6817.5,9987.25,mine
30-csves/4.csv,2,TCP,,,173.2475,173.265,173.28250000000003,346.53,173.3,173.23,16,382,0,517,8276,2,2,3332,52447,,3332,52447,,8.0,8.0,8.0,2149.0,4138.0,6127.0,mine
30-csves/5.csv,2,TCP,,,243.96825,243.9685,243.96874999999997,487.937,243.969,243.968,32,446,0,425,13624,2,2,3332,52457,,3332,52457,,16.0,16.0,16.0,3645.0,6812.0,9979.0,mine
31-csves/0.csv,6,TCP,,,14.9635,38.6935,47.48725,197.70700000000002,62.819,0.029,27,620,0,345,9336,3,3,3332,52476,52487,3332,52476,52487,2.25,3.0,6.75,45.0,189.0,3258.75,mine
31-csves/1.csv,2,TCP,,,165.28075,165.2985,165.31625,330.597,165.334,165.263,16,419,0,542,8678,2,2,52487,3332,,3332,52487,,8.0,8.0,8.0,2249.5,4339.0,6428.5,mine
31-csves/2.csv,4,TCP,,,242.09575,243.356,244.616,973.423,244.616,242.095,71,487,0,418,29687,3,3,3332,52494,52499,3332,52499,52494,17.5,18.0,18.25,508.0,7078.5,13992.25,mine
31-csves/3.csv,2,TCP,,,244.36025,244.3605,244.36075,488.721,244.361,244.36,32,491,0,469,15008,2,2,3332,52508,,3332,52508,,16.0,16.0,16.0,3991.0,7504.0,11017.0,mine
31-csves/4.csv,6,TCP,,,81.91975000000001,201.47250000000003,233.95475,976.5749999999999,244.782,41.997,90,489,0,331,29863,4,4,3332,52530,52514,3332,52530,52514,10.25,15.0,18.25,448.0,2160.0,9125.75,mine
31-csves/5.csv,2,TCP,,,244.3065,244.30700000000002,244.3075,488.61400000000003,244.308,244.306,40,479,0,365,14639,2,2,52510,3332,,52510,3332,,18.0,20.0,22.0,3898.75,7319.5,10740.25,mine
32-csves/0.csv,2,TCP,,,240.237,240.237,240.237,480.474,240.237,240.237,39,478,0,368,14367,2,2,3332,52537,,3332,52537,,17.75,19.5,21.25,3830.75,7183.5,10536.25,mine
32-csves/1.csv,4,TCP,,,200.32850000000002,221.3725,242.39925,885.421,242.4,200.276,70,543,0,429,30090,3,3,3332,52556,52562,3332,52556,52562,13.75,16.5,20.25,508.0,6125.0,13139.5,mine
32-csves/2.csv,2,TCP,,,242.464,242.49200000000002,242.52,484.98400000000004,242.548,242.436,31,409,0,400,12408,2,2,3332,52534,,3332,52534,,13.25,15.5,17.75,3212.0,6204.0,9196.0,mine
32-csves/3.csv,6,TCP,,,0.0095,0.0595,144.00750000000002,384.11400000000003,192.012,0.0,34,528,0,373,12699,3,3,3332,52534,52530,3332,52534,52530,2.25,3.0,7.5,119.5,164.0,1311.75,mine
32-csves/4.csv,4,TCP,,,162.525,202.202,241.87924999999998,808.809,241.88,162.525,71,478,0,340,24202,3,3,3332,52539,52550,3332,52539,52550,15.25,17.0,19.5,463.0,4942.0,10529.5,mine
32-csves/5.csv,2,TCP,,,244.337,244.337,244.337,488.674,244.337,244.337,41,486,0,362,14860,2,2,3332,52553,,3332,52553,,18.75,20.5,22.25,3964.0,7430.0,10896.0,mine
33-csves/0.csv,4,TCP,,,102.43275000000001,173.4005,244.368,693.601,244.368,102.432,64,524,0,355,22727,3,3,3332,52575,52573,3332,52575,52573,13.25,15.5,18.25,468.0,3451.0,8664.75,mine
33-csves/1.csv,2,TCP,,,244.41325,244.4135,244.41375,488.827,244.414,244.413,33,446,0,413,13635,2,2,52586,3332,,3332,52586,,16.25,16.5,16.75,3647.75,6817.5,9987.25,mine
33-csves/2.csv,4,TCP,,,201.25025,222.409,243.549,889.5609999999999,243.549,201.194,77,523,0,377,29091,3,3,3332,52593,52600,3332,52593,52600,15.75,19.0,22.5,473.0,7189.0,13988.75,mine
33-csves/3.csv,2,TCP,,,244.221,244.221,244.221,488.442,244.221,244.221,34,449,0,403,13722,2,2,52590,3332,,52590,3332,,16.5,17.0,17.5,3669.5,6861.0,10052.5,mine
33-csves/4.csv,4,TCP,,,0.05575,7.514,14.986,30.110999999999997,15.043,0.04,12,1679,0,265,3186,3,3,3332,52568,52562,3332,52568,52562,3.0,3.0,3.0,126.0,801.0,1471.5,mine
33-csves/5.csv,4,TCP,,,242.14475000000002,243.2265,244.31574999999998,972.9359999999999,244.339,242.144,65,431,0,403,26234,3,3,3332,52569,52568,3332,52569,52568,13.0,14.5,17.75,441.0,6045.5,12163.0,mine
34-csves/0.csv,2,TCP,,,242.844,242.844,242.844,485.688,242.844,242.844,38,468,0,374,14213,2,2,52613,3332,,52613,3332,,17.5,19.0,20.5,3792.25,7106.5,10420.75,mine
34-csves/1.csv,8,TCP,,,7.458,12.464500000000001,26.80025,174.131,62.111,0.0,37,629,0,240,8912,4,4,3332,52608,52600,3332,52608,52600,3.0,3.5,6.5,75.0,233.0,1850.25,mine
34-csves/2.csv,2,TCP,,,241.80575,241.8275,241.84925,483.655,241.871,241.784,33,419,0,384,12678,2,2,3332,52609,,3332,52609,,14.25,16.5,18.75,3324.5,6339.0,9353.5,mine
34-csves/3.csv,2,TCP,,,244.40425,244.40449999999998,244.40475,488.80899999999997,244.405,244.404,39,469,0,368,14358,2,2,3332,52631,,3332,52631,,17.75,19.5,21.25,3828.5,7179.0,10529.5,mine
34-csves/4.csv,4,TCP,,,241.504,241.916,242.32825000000003,967.6650000000001,242.329,241.504,79,472,0,362,28602,3,3,3332,52627,52617,3332,52617,52627,16.0,19.5,23.25,478.0,7112.0,13784.5,mine
34-csves/5.csv,4,TCP,,,189.96275,216.99849999999998,244.02724999999998,867.966,244.028,189.941,72,500,0,377,27144,3,3,3332,52636,52643,3332,52636,52643,15.25,17.5,20.25,463.0,6413.0,12736.0,mine
35-csves/0.csv,4,TCP,,,118.37400000000001,182.06400000000002,245.747,728.228,245.747,118.353,69,541,0,357,24634,3,3,3332,52680,52675,3332,52675,52680,15.0,16.5,18.75,458.0,5163.5,10864.0,mine
35-csves/1.csv,4,TCP,,,218.25374999999997,230.6905,243.127,922.7610000000001,243.127,218.253,76,471,0,358,27216,3,3,3332,52671,52667,3332,52671,52667,15.75,18.5,21.75,473.0,6429.0,12760.0,mine
35-csves/2.csv,2,TCP,,,244.41325,244.4135,244.41375,488.827,244.414,244.413,42,486,0,354,14880,2,2,3332,52660,,3332,52660,,19.0,21.0,23.0,3969.0,7440.0,10911.0,mine
35-csves/3.csv,2,TCP,,,208.098,208.098,208.098,416.196,208.098,208.098,34,435,0,333,11338,2,2,52656,3332,,3332,52656,,15.5,17.0,18.5,3053.5,5669.0,8284.5,mine
35-csves/4.csv,2,TCP,,,246.778,246.778,246.778,493.556,246.778,246.778,37,463,0,386,14294,2,2,3332,52653,,3332,52653,,16.25,18.5,20.75,3786.5,7147.0,10507.5,mine
35-csves/5.csv,6,TCP,,,6.27675,25.0345,188.30075,535.534,242.718,0.0,52,524,0,337,17563,4,4,3332,52643,52653,3332,52643,52653,2.25,3.5,13.0,54.0,269.0,1275.25,mine
36-csves/0.csv,2,TCP,,,242.84825,242.8485,242.84875,485.697,242.849,242.848,40,473,0,359,14378,2,2,3332,52696,,3332,52696,,18.0,20.0,22.0,3833.5,7189.0,10544.5,mine
36-csves/1.csv,4,TCP,,,243.776,244.2005,244.62525,976.8030000000001,244.626,243.776,79,470,0,363,28745,3,3,3332,52686,52690,3332,52686,52690,16.0,19.5,23.25,478.0,7183.5,13891.75,mine
36-csves/2.csv,4,TCP,,,116.68449999999999,178.5395,240.38725000000002,714.129,240.388,116.662,60,471,0,351,21064,3,3,3332,52706,52712,3332,52706,52712,12.25,14.0,16.75,433.0,4149.0,8982.0,mine
36-csves/3.csv,2,TCP,,,157.27224999999999,157.27949999999998,157.28675,314.55899999999997,157.294,157.265,21,393,0,368,7728,2,2,3332,52682,,3332,52682,,9.25,10.5,11.75,2012.0,3864.0,5716.0,mine
36-csves/4.csv,6,TCP,,,14.24575,71.289,91.20425,328.755,93.064,0.039,37,581,0,359,13317,3,3,3332,52682,52680,3332,52682,52680,3.5,6.0,8.5,142.0,159.0,4752.5,mine
36-csves/5.csv,4,TCP,,,86.38275,164.1735,241.964,656.693,241.964,86.382,63,525,0,342,21578,3,3,3332,52698,52702,3332,52698,52702,10.5,14.0,19.25,458.0,2689.0,7625.5,mine
37-csves/0.csv,2,TCP,,,91.5625,91.57,91.5775,183.14,91.585,91.555,16,538,0,385,6160,2,2,3332,52712,,3332,52712,,7.0,8.0,9.0,1600.0,3080.0,4560.0,mine
37-csves/1.csv,2,TCP,,,242.547,242.547,242.547,485.094,242.547,242.547,39,473,0,368,14358,2,2,3332,52715,,3332,52715,,17.75,19.5,21.25,3828.5,7179.0,10529.5,mine
37-csves/2.csv,4,TCP,,,240.66,242.4645,244.269,969.858,244.269,240.66,83,490,0,358,29750,3,3,3332,52723,52717,3332,52723,52717,16.75,21.0,25.0,493.0,7440.0,14384.5,mine
37-csves/3.csv,2,TCP,,,243.95325000000003,243.95350000000002,243.95375,487.90700000000004,243.954,243.953,40,471,0,359,14378,2,2,3332,52730,,3332,52730,,18.0,20.0,22.0,3833.5,7189.0,10544.5,mine
37-csves/4.csv,4,TCP,,,231.1715,236.2985,241.418,945.164,241.418,231.149,76,485,0,377,28685,3,3,3332,52737,52745,3332,52737,52745,15.5,19.0,22.5,468.0,7173.5,13876.75,mine
37-csves/5.csv,2,TCP,,,241.91,241.91,241.91,483.82,241.91,241.91,39,474,0,368,14358,2,2,3332,52725,,3332,52725,,17.75,19.5,21.25,3828.5,7179.0,10529.5,mine
38-csves/0.csv,2,TCP,,,245.832,245.832,245.832,491.664,245.832,245.832,45,533,0,364,16411,2,2,52770,3332,,52770,3332,,20.25,22.5,24.75,4361.75,8205.5,12049.25,mine
38-csves/1.csv,4,TCP,,,0.0225,120.6755,241.3215,482.674,241.323,0.0,44,479,0,328,14458,3,3,3332,52745,52760,3332,52745,52760,2.0,9.0,18.0,40.0,259.0,3833.5,mine
38-csves/2.csv,6,TCP,,,124.01025,242.70049999999998,244.70425,1145.01,245.372,84.418,108,551,0,365,39449,4,4,3332,52786,52781,3332,52786,52781,13.25,17.0,23.75,498.0,3429.0,13486.5,mine
38-csves/3.csv,2,TCP,,,244.87525,244.8755,244.87575,489.751,244.876,244.875,40,469,0,359,14378,2,2,3332,52776,,3332,52776,,18.0,20.0,22.0,3833.5,7189.0,10544.5,mine
38-csves/4.csv,2,TCP,,,241.933,241.933,241.933,483.866,241.933,241.933,40,475,0,359,14378,2,2,3332,52773,,3332,52773,,18.0,20.0,22.0,3833.5,7189.0,10544.5,mine
38-csves/5.csv,2,TCP,,,243.988,243.988,243.988,487.976,243.988,243.988,39,470,0,368,14358,2,2,52766,3332,,3332,52766,,17.75,19.5,21.25,3828.5,7179.0,10529.5,mine
39-csves/0.csv,2,TCP,,,241.92425000000003,241.92450000000002,241.92475000000002,483.84900000000005,241.925,241.924,39,474,0,368,14354,2,2,3332,55654,,3332,55654,,17.25,19.5,21.75,3816.5,7177.0,10537.5,mine
39-csves/1.csv,6,TCP,,,9.08575,30.392,52.22925000000001,181.747,59.471,0.0,22,481,0,329,7238,3,3,3332,55283,55174,3332,55283,55174,2.5,4.0,4.75,124.0,801.0,2236.25,mine
39-csves/2.csv,2,TCP,,,243.011,243.011,243.011,486.022,243.011,243.011,34,438,0,391,13320,2,2,3332,55821,,3332,55821,,17.0,17.0,17.0,3578.0,6660.0,9742.0,mine
39-csves/3.csv,2,TCP,,,155.68949999999998,155.707,155.7245,311.414,155.742,155.672,18,413,0,446,8041,2,2,3332,55283,,3332,55283,,9.0,9.0,9.0,2100.25,4020.5,5940.75,mine
39-csves/4.csv,4,TCP,,,244.874,246.3625,247.851,985.45,247.851,244.874,65,455,0,431,28042,3,3,3332,55551,55367,3332,55551,55367,15.75,16.0,16.5,471.0,6859.0,13398.5,mine
39-csves/5.csv,6,TCP,,,63.27175,243.547,244.525,983.087,244.852,3.11,84,486,0,355,29874,4,4,3332,55919,56062,3332,55919,56062,8.5,16.0,16.0,476.0,1136.0,10256.75,mine
40-csves/0.csv,2,TCP,,,245.52625,245.5265,245.52675,491.053,245.527,245.526,32,443,0,425,13620,2,2,56095,3332,,56095,3332,,16.0,16.0,16.0,3643.0,6810.0,9977.0,mine
40-csves/1.csv,6,TCP,,,126.6995,242.198,243.11675,1147.385,243.423,87.943,91,472,0,372,33898,4,4,3332,56132,56122,3332,56132,56122,10.0,16.5,18.5,481.0,2457.5,11412.75,mine
40-csves/2.csv,2,TCP,,,212.55150000000003,212.55900000000003,212.5665,425.11800000000005,212.574,212.544,29,487,0,447,12964,2,2,3332,56074,,3332,56074,,13.75,14.5,15.25,3371.0,6482.0,9593.0,mine
40-csves/3.csv,2,TCP,,,242.513,242.513,242.513,485.026,242.513,242.513,35,461,0,399,13996,2,2,3332,56089,,3332,56089,,17.25,17.5,17.75,3757.0,6998.0,10239.0,mine
40-csves/4.csv,2,TCP,,,245.177,245.177,245.177,490.354,245.177,245.177,29,407,0,430,12479,2,2,3332,56083,,3332,56083,,14.25,14.5,14.75,3347.75,6239.5,9131.25,mine
40-csves/5.csv,2,TCP,,,244.882,244.882,244.882,489.764,244.882,244.882,29,425,0,449,13024,2,2,3332,56092,,3332,56092,,14.25,14.5,14.75,3484.0,6512.0,9540.0,mine
