URL;N1;N2;N3;N4;N5;N6;N7;N8;N9;N10;N11;N12;N13;N14;N15
M0_2;0;0;0;0;0;0;8;11;1434;648;NA;NA;NA;8;8
M0_3;0;0;0;0;0;0;8;11;1406;620;NA;NA;NA;8;8
M0_4;0;0;0;0;0;0;8;10;1316;592;NA;NA;NA;8;8
M0_5;5;1;2;636;0;0;11;13;2095;1092;4294930697;2,56E+02;3,03E+02;11;6
M0_6;16;12;3;2409;0;0;20;20;13375;2717;4294930697;4,66E+02;4,66E+02;20;4
M0_7;2;1;2;132;0;0;10;13;1526;740;NA;NA;NA;10;8
M0_8;3;0;1;451;0;0;9;9;1040;907;NA;NA;NA;9;6
M0_9;8;0;1;1045;0;0;10;9;2806;1209;NA;NA;NA;10;2
M0_10;1;0;1;54;0;0;9;12;1478;686;NA;NA;NA;9;8
M0_11;0;0;0;0;0;0;8;11;1394;608;NA;NA;NA;8;8
M0_12;0;0;0;0;0;0;8;11;1438;652;NA;NA;NA;8;8
M0_13;0;0;0;0;0;0;8;10;1388;664;NA;NA;NA;8;8
M0_14;1;1;1;90;0;0;7;8;978;554;NA;NA;NA;7;6
M0_15;9;1;2;878;0;0;11;12;2242;1018;4294935825;2,56E+02;2,79E+02;11;2
M0_16;1;0;1;66;0;0;3;4;404;206;NA;NA;NA;3;2
M0_17;8;6;3;4860;0;0;16;25;2932;5500;NA;NA;NA;16;8
M0_18;5;5;1;5054;0;0;13;23;2692;5690;NA;NA;NA;13;8
M0_19;5;5;1;5054;0;0;13;23;2692;5690;NA;NA;NA;13;8
M0_20;3;0;1;460;0;0;9;9;1026;916;4294940333;2,10E+02;2,10E+02;9;6
M0_21;5;0;1;592;0;0;7;9;1062;732;4294940333;1,63E+02;2,10E+02;7;2
M0_22;0;0;0;0;0;0;8;12;1444;592;NA;NA;NA;8;8
M0_23;0;0;0;0;0;0;8;11;1382;596;NA;NA;NA;8;8
M0_24;0;0;0;0;0;0;8;11;1390;604;NA;NA;NA;8;8
M0_25;0;0;0;0;0;0;8;10;1316;592;NA;NA;NA;8;8
M0_26;0;0;0;0;0;0;8;10;1308;584;NA;NA;NA;8;8
M0_27;0;0;0;0;0;0;8;10;1320;596;NA;NA;NA;8;8
M0_28;0;0;0;0;0;0;8;10;1324;600;NA;NA;NA;8;8
M0_29;0;0;0;0;0;0;8;10;1304;580;NA;NA;NA;8;8
M0_30;0;0;0;0;0;0;8;10;1284;560;NA;NA;NA;8;8
M0_31;0;0;0;0;0;0;8;10;1288;564;NA;NA;NA;8;8
M0_32;1;1;1;90;0;0;9;13;1584;658;NA;NA;NA;9;8
M0_33;1;1;1;90;0;0;9;13;1608;682;NA;NA;NA;9;8
M0_34;0;0;0;0;0;0;8;11;1406;620;NA;NA;NA;8;8
M0_35;0;0;0;0;0;0;8;11;1438;652;NA;NA;NA;8;8
M0_36;0;0;0;0;0;0;8;11;1490;704;NA;NA;NA;8;8
M0_37;0;0;0;0;0;0;8;11;1466;680;NA;NA;NA;8;8
M0_38;0;0;0;0;0;0;6;7;913;470;NA;NA;NA;6;6
M0_39;11;0;2;1285;0;0;17;18;2462;1741;4294946623;3,96E+02;4,19E+02;17;6
M0_40;15;0;3;2124;0;0;17;20;12884;2270;4294948178;3,96E+01;4,66E+02;17;2
M0_41;5;0;2;582;0;0;9;9;1097;882;NA;NA;NA;9;4
M0_42;15;0;2;2342;0;0;21;15;7249;2806;4294951689;4,89E+00;3,49E+02;21;6
M0_43;19;1;3;2594;0;0;25;25;7997;3058;4294953475;5,82E+02;5,82E+02;25;6
M0_44;20;0;2;2976;0;0;26;23;7783;3440;4294955245;6,05E+02;5,36E+02;26;6
M0_45;19;0;2;2610;0;0;25;22;7715;3074;4294957029;5,82E+02;5,12E+02;25;6
M0_46;22;0;2;3448;0;0;28;24;9819;3912;4294958837;6,52E+02;5,59E+02;28;6
M0_47;24;0;2;4035;0;0;30;25;12416;4499;4294960477;6,98E+01;5,82E+02;30;6
M0_48;25;0;2;4101;0;0;31;28;12614;4565;4294962115;7,22E+02;6,52E+02;31;6
M0_49;22;0;2;3444;0;0;28;24;9819;3908;4294963675;6,52E+02;5,59E+02;28;6
M0_50;23;0;2;3969;0;0;29;24;12354;4433;4294965376;6,75E+02;5,59E+01;29;6
M0_51;24;0;2;4041;0;0;30;25;12420;4505;4294966953;6,98E+02;5,82E+01;30;6
M0_52;24;0;2;4034;0;0;30;26;12486;4498;1263;0.0237529691211;0.0205859065717;30;6
M0_53;25;0;2;4101;0;0;31;28;12614;4565;2896;0.0107044198895;0.00966850828729;31;6
M0_54;23;0;2;3970;0;0;29;27;12548;4434;4489;0.00646023613277;0.00601470260637;29;6
M0_55;18;0;3;1643;0;0;22;25;14342;1935;NA;NA;NA;22;4
M0_56;0;0;0;0;0;0;0;2;124;0;NA;NA;NA;0;0
M0_57;22;0;3;2316;0;0;26;28;31378;2640;NA;NA;NA;26;4
M0_58;14;1;8;1151;0;0;18;15;1211;1445;273889;6,57E+06;5,48E+06;18;4
M0_59;14;1;8;1151;0;0;18;15;1211;1445;273889;6,57E+06;5,48E+06;18;4
M0_60;19;0;6;1525;0;0;21;13;1363;1667;425317;4,94E+06;3,06E+05;21;2
M0_61;37;0;8;3630;0;0;43;40;34113;4118;NA;NA;NA;43;6
M0_62;8;0;6;801;0;0;10;9;677;951;NA;NA;NA;10;2
M0_63;25;0;5;2262;0;0;29;27;33205;2588;NA;NA;NA;29;4
M0_64;10;0;5;925;0;0;12;12;1399;1079;429476;2,79E+06;2,79E+06;12;2
M0_65;4;0;4;264;0;0;12;11;1474;948;NA;NA;NA;12;8
M0_66;2;0;2;140;0;0;8;8;930;630;NA;NA;NA;8;6
M0_67;38;0;3;4207;0;0;44;45;39662;4679;NA;NA;NA;44;6
M0_68;9;0;4;842;0;0;11;12;2101;994;431700;2,55E+06;2,78E+06;11;2
M0_69;9;0;4;850;0;0;11;9;1354;994;432210;2,55E+06;2,08E+06;11;2
M0_70;7;0;2;722;0;0;11;10;2000;1016;432682;2,54E+06;2,31E+06;11;4
M0_71;7;0;1;717;0;0;11;10;1960;1011;433152;2,54E+06;2,31E+06;11;4
M0_72;7;0;2;722;0;0;11;9;1913;1036;433628;2,54E+05;2,08E+06;11;4
M0_73;7;0;2;707;0;0;11;11;1018;1031;NA;NA;NA;11;4
M0_74;5;0;2;593;0;0;7;8;1128;751;437423;1,60E+06;1,83E+06;7;2
M0_75;9;0;1;1838;0;0;11;13;4524;1992;NA;NA;NA;11;2
M0_76;4;0;4;240;0;0;12;13;1582;916;NA;NA;NA;12;8
M0_77;1;0;1;66;0;0;9;10;1424;766;NA;NA;NA;9;8
M0_78;0;0;0;0;0;0;8;10;1380;656;NA;NA;NA;8;8
M0_79;0;0;0;0;0;0;6;7;918;492;NA;NA;NA;6;6
M0_80;8;0;1;1156;0;0;10;10;2638;1316;440904;2,27E+06;2,27E+06;10;2
M0_81;8;0;2;811;0;0;10;11;6062;961;441502;2,26E+06;2,49E+06;10;2
M0_82;7;0;2;742;0;0;9;10;1263;890;445627;2,02E+06;2,24E+06;9;2
M0_83;10;0;2;1692;0;0;14;15;8467;2004;446090;3,14E+05;3,36E+06;14;4
M0_84;26;12;3;3229;0;0;34;32;16895;3837;454090;7,49E+06;7,05E+06;34;8
M0_85;15;1;7;1863;0;0;19;18;7303;2175;NA;NA;NA;19;4
M0_86;26;11;7;3213;0;0;34;32;16931;3821;465038;7,31E+06;6,88E+06;34;8
M0_87;29;1;7;4558;0;0;31;37;26259;4724;467454;6,63E+05;7,92E+05;31;2
M0_88;7;0;2;746;0;0;9;11;2189;904;468869;1,92E+06;2,35E+06;9;2
M0_89;7;0;2;720;0;0;9;10;1269;868;469382;1,92E+06;2,13E+06;9;2
M0_90;7;0;2;734;0;0;9;9;1097;880;470003;1,91E+06;1,91E+06;9;2
M0_91;8;0;1;809;0;0;12;11;1321;1101;470466;2,55E+06;2,34E+06;12;4
M0_92;7;0;1;737;0;0;11;10;1162;1047;470878;2,34E+06;2,12E+06;11;4
M0_93;7;0;2;752;0;0;9;9;1197;916;471381;1,91E+06;1,91E+06;9;2
M0_94;5;0;2;556;0;0;9;9;1154;860;NA;NA;NA;9;4
M0_95;11;0;1;883;0;0;13;13;8893;1037;NA;NA;NA;13;2
M0_96;8;0;2;1045;0;0;12;11;1362;1333;472983;2,54E+06;2,33E+06;12;4
M0_97;6;0;2;603;0;0;8;9;1580;745;NA;NA;NA;8;2
M0_98;50;0;2;3571;0;0;52;55;66449;3723;484410;0.000107347082017;0.000113540182903;52;2
M0_99;48;0;1;3450;0;0;50;51;66124;3602;484931;0.0001031074524;0.000105169601448;50;2
M0_100;46;0;1;3321;0;0;48;49;66184;3473;485425;9,89E+06;0.000100942473091;48;2
M0_101;49;0;1;3505;0;0;51;53;66214;3657;485921;0.000104955332245;0.000109071227628;51;2
M0_102;52;0;1;3721;0;0;54;57;66445;3873;486435;0.000111011748743;0.000117179068118;54;2
M0_103;50;0;1;3592;0;0;52;53;66100;3744;486950;0.000106787144471;0.000108840743403;52;2
M0_104;41;0;1;2992;0;0;43;44;65646;3144;487525;8,82E+06;9,03E+06;43;2
M0_105;47;0;1;3386;0;0;51;53;66317;3696;488012;0.000104505626911;0.00010860388679;51;4
M0_106;34;0;2;2934;0;0;40;40;34995;3416;488565;8,19E+05;8,19E+05;40;6
M0_107;39;0;3;3240;0;0;45;45;35301;3722;489087;9,20E+06;9,20E+06;45;6
M0_108;39;0;2;3240;0;0;45;45;35301;3722;489598;9,19E+05;9,19E+05;45;6
M0_109;7;0;2;700;0;0;9;10;1153;832;490254;1,84E+06;2,04E+06;9;2
M0_110;18;0;2;2102;0;0;20;21;20976;2252;490801;4,07E+06;4,28E+06;20;2
M0_111;12;0;2;1052;0;0;14;14;11935;1204;493520;2,84E+05;2,84E+05;14;2
M0_112;7;0;2;666;0;0;9;9;1094;826;NA;NA;NA;9;2
M0_113;22;0;3;2790;0;0;26;26;23294;3104;494764;5,26E+06;5,26E+06;26;4
M0_114;17;5;10;1320;0;0;19;21;1967;1474;NA;NA;NA;19;2
M0_115;2;0;2;128;0;0;4;5;407;276;NA;NA;NA;4;2
M0_116;9;0;3;1142;0;0;13;12;1991;1430;508580;2,56E+06;2,36E+06;13;4
M0_117;11;0;3;1274;0;0;15;14;3132;1562;508580;2,95E+06;2,75E+06;15;4
M0_118;16;5;6;1020;0;0;16;8;508;1020;NA;NA;NA;16;0
M0_119;14;4;6;888;0;0;14;6;376;888;NA;NA;NA;14;0
M0_120;14;4;6;888;0;0;14;5;316;888;NA;NA;NA;14;0
M0_121;208;18;9;20074;0;0;228;216;270752;21646;NA;NA;NA;228;20
M0_122;13;1;5;1497;0;0;17;14;2116;1787;551291;3,08E+06;2,54E+06;17;4
M0_123;15;1;5;1635;0;0;21;17;2640;2073;566538;3,71E+06;3,00E+06;21;6
M0_124;21;1;5;2367;0;0;29;26;3801;2957;582752;4,98E+06;4,46E+06;29;8
M0_125;23;1;5;2851;0;0;31;26;3814;3431;597978;5,18E+06;4,35E+06;31;8
M0_126;12;1;5;1340;0;0;16;12;964;1622;625035;2,56E+06;1,92E+06;16;4
M0_127;12;1;5;1340;0;0;16;12;964;1622;625035;2,56E+06;1,92E+06;16;4
M0_128;7;1;5;466;0;0;11;10;822;760;NA;NA;NA;11;4
M0_129;7;1;5;466;0;0;11;10;822;760;NA;NA;NA;11;4
M0_130;27;5;8;2721;0;0;35;27;3896;3313;687127;5,09E+06;3,93E+06;35;8
M0_131;17;1;7;1770;0;0;23;17;2579;2210;702417;3,27E+05;2,42E+06;23;6
M0_132;11;1;4;1266;0;0;15;12;966;1554;717756;2,09E+06;1,67E+06;15;4
M0_133;11;1;4;1266;0;0;15;12;966;1554;717756;2,09E+06;1,67E+06;15;4
M0_134;21;1;5;2359;0;0;29;23;3542;2951;743636;3,90E+06;3,09E+06;29;8
M0_135;19;1;5;2223;0;0;25;20;2868;2661;759305;3,29E+06;2,63E+06;25;6
M0_136;22;1;5;2783;0;0;30;26;3824;3367;774472;3,87E+06;3,36E+06;30;8
M0_137;18;1;5;2157;0;0;24;22;2996;2595;789627;3,04E+06;2,79E+06;24;6
M0_138;18;1;5;2147;0;0;24;20;2848;2577;804978;2,98E+06;2,48E+06;24;6
M0_139;12;1;4;1325;0;0;18;14;2091;1749;820462;2,19E+06;1,71E+06;18;6
M0_140;14;1;4;1457;0;0;20;16;3229;1881;820462;2,44E+06;1,95E+06;20;6
M0_141;4;0;4;264;0;0;4;6;388;264;NA;NA;NA;4;0
M0_142;4;0;4;264;0;0;4;6;388;264;NA;NA;NA;4;0
M0_143;11;1;4;1266;0;0;15;12;960;1548;846877;1,77E+06;1,42E+06;15;4
M0_144;11;1;4;1266;0;0;15;12;960;1548;846877;1,77E+06;1,42E+06;15;4
M0_145;26;5;8;2329;0;0;32;25;4850;2759;872081;3,67E+06;2,87E+06;32;6
M0_146;23;1;4;2912;0;0;31;25;3753;3494;887228;3,49E+06;2,82E+06;31;8
M0_147;20;1;4;2330;0;0;28;24;3609;2912;902376;3,10E+06;2,66E+06;28;8
M0_148;19;1;5;2223;0;0;25;22;2996;2661;917466;2,72E+06;2,40E+06;25;6
M0_149;17;1;6;1661;0;0;23;19;2944;2123;932899;2,47E+06;2,04E+06;23;6
M0_150;20;0;6;2328;0;0;26;26;3285;2772;934134;2,78E+06;2,78E+06;26;6
M0_151;22;1;5;2813;0;0;30;27;3916;3409;949127;3,16E+06;2,84E+06;30;8
M0_152;23;1;5;2864;0;0;31;25;3773;3454;964185;3,22E+06;2,59E+06;31;8
M0_153;18;1;5;2188;0;0;24;22;3031;2640;979464;2,45E+06;2,25E+06;24;6
M0_154;18;1;4;2185;0;0;24;21;2969;2637;994460;2,41E+06;2,11E+06;24;6
M0_155;18;1;5;2185;0;0;24;21;2969;2637;1010229;2,38E+06;2,08E+06;24;6
M0_156;15;1;5;1653;0;0;21;19;2798;2103;1025859;2,05E+06;1,85E+06;21;6
M0_157;19;1;5;2227;0;0;27;23;3612;2819;1041657;2,59E+06;2,21E+06;27;8
M0_158;21;1;5;2383;0;0;29;25;3786;2983;1056821;2,74E+06;2,37E+06;29;8
M0_159;15;1;5;1632;0;0;21;18;2661;2068;1072136;1,96E+06;1,68E+06;21;6
M0_160;19;1;5;2243;0;0;25;22;3021;2691;1087542;2,30E+06;2,02E+06;25;6
M0_161;16;1;5;1609;0;0;22;20;2655;2119;1102744;2,00E+06;1,81E+06;22;6
M0_162;2;0;2;132;0;0;10;14;1594;748;NA;NA;NA;10;8
M0_163;4;0;2;547;0;0;10;9;1027;999;1114159;8,98E+05;8,08E+05;10;6
M0_164;12;8;1;2037;0;0;16;16;6187;2355;1114159;1,44E+06;1,44E+06;16;4
M0_165;15;1;2;1850;0;0;21;23;2970;2302;1118192;1,88E+06;2,06E+06;21;6
M0_166;26;0;3;3569;0;0;32;31;10750;4037;1120681;2,86E+06;2,77E+06;32;6
M0_167;11;0;3;1260;0;0;19;17;2399;1850;1121673;1,69E+06;1,52E+06;19;8
M0_168;11;0;3;1260;0;0;19;17;2399;1850;1121673;1,69E+06;1,52E+06;19;8
M0_169;6;0;4;372;0;0;8;10;703;520;NA;NA;NA;8;2
M0_170;7;0;2;736;0;0;11;9;1374;1058;1137352;9,67E+05;7,91E+05;11;4
M0_171;24;0;3;2508;0;0;30;30;21098;2992;1137850;2,64E+06;2,64E+06;30;6
M0_172;3;0;2;198;0;0;3;6;384;198;NA;NA;NA;3;0
M0_173;3;0;2;198;0;0;3;6;384;198;NA;NA;NA;3;0
M0_174;3;0;2;198;0;0;3;6;384;198;NA;NA;NA;3;0
M0_175;2;0;1;132;0;0;2;5;318;132;NA;NA;NA;2;0
M0_176;44;2;10;5009;0;0;50;50;40316;5511;1142408;4,38E+06;4,38E+06;50;6
M0_177;12;1;5;1366;0;0;18;17;2000;1850;1145435;1,57E+06;1,48E+06;18;6
M0_178;10;0;4;903;0;0;14;12;1489;1205;NA;NA;NA;14;4
M0_179;12;0;2;1961;0;0;16;14;2991;2245;1154896;1,39E+06;1,21E+06;16;4
M0_180;9;0;4;850;0;0;11;14;1382;990;1158306;9,50E+05;1,21E+06;11;2
M0_181;6;0;1;687;0;0;8;10;1426;841;1158825;6,90E+05;8,63E+05;8;2
M0_182;1;0;1;66;0;0;9;11;1434;710;NA;NA;NA;9;8
M0_183;0;0;0;0;0;0;8;10;1344;620;NA;NA;NA;8;8
M0_184;3;0;1;441;0;0;9;9;1040;887;NA;NA;NA;9;6
M0_185;6;0;1;603;0;0;8;8;1220;745;NA;NA;NA;8;2
M0_186;15;0;4;1933;0;0;21;19;2788;2367;1160843;1,81E+05;1,64E+06;21;6
M0_187;5;1;3;330;0;0;13;14;1610;962;NA;NA;NA;13;8
M0_188;3;0;1;210;0;0;11;13;1510;802;NA;NA;NA;11;8
M0_189;5;0;2;362;0;0;11;12;1182;816;NA;NA;NA;11;6
M0_190;14;0;2;1489;0;0;20;18;2274;1943;1177845;1,70E+06;1,53E+06;20;6
M0_191;16;0;4;2238;0;0;22;19;2864;2680;1179269;1,87E+06;1,61E+05;22;6
M0_192;29;2;6;3605;0;0;35;33;4992;4047;1184300;2,96E+06;2,79E+06;35;6
M0_193;33;0;8;3228;0;0;37;38;23727;3550;1187630;3,12E+06;3,20E+06;37;4
M0_194;24;2;6;3106;0;0;28;29;10088;3412;NA;NA;NA;28;4
M0_195;17;0;2;2691;0;0;21;22;8184;2997;NA;NA;NA;21;4
M0_196;12;0;4;1312;0;0;16;14;2451;1652;1191580;1,34E+06;1,17E+06;16;4
M0_197;8;0;3;750;0;0;12;9;1334;1068;NA;NA;NA;12;4
M0_198;7;0;2;725;0;0;11;11;1553;1021;1192448;9,22E+05;9,22E+05;11;4
M0_199;7;0;2;672;0;0;11;9;1286;996;NA;NA;NA;11;4
M0_200;2;0;2;120;0;0;8;9;1031;624;NA;NA;NA;8;6
M0_201;7;0;2;750;0;0;9;9;1192;914;1193811;7,54E+05;7,54E+05;9;2
M0_202;21;0;4;2660;0;0;27;27;12136;3168;1194248;2,26E+06;2,26E+06;27;6
M0_203;8;0;3;516;0;0;8;6;370;516;NA;NA;NA;8;0
M0_204;8;0;3;516;0;0;8;6;370;516;NA;NA;NA;8;0
M0_205;8;0;3;516;0;0;8;6;370;516;NA;NA;NA;8;0
M0_206;48;20;9;4592;0;0;56;49;5720;5176;1252796;4,47E+06;3,91E+06;56;8
M0_207;28;0;6;3512;0;0;36;29;4090;4096;1252796;2,87E+06;2,31E+06;36;8
M0_208;107;80;8;13889;0;0;125;129;104523;15257;1257389;9,94E+06;0.000102593549013;125;18
M0_209;79;73;6;10180;0;0;87;103;95675;10804;NA;NA;NA;87;8
M0_210;73;73;1;9820;0;0;81;95;95165;10444;NA;NA;NA;81;8
M0_211;71;71;1;9171;0;0;79;95;95157;9795;NA;NA;NA;79;8
M0_212;132;71;9;20762;0;0;158;154;118646;22860;1261348;0.000125262814069;0.000122091603586;158;26
M0_213;132;69;5;21576;0;0;146;152;132794;22632;1263090;0.000115589546271;0.000120339801598;146;14
M0_214;172;105;11;23776;0;0;190;170;110923;25190;1264348;0.000150275082493;0.000134456652757;190;18
M0_215;56;53;2;5700;0;0;60;56;69774;6014;1266005;4,74E+06;4,42E+06;60;4
M0_216;94;87;4;12892;0;0;106;102;93857;13796;1266689;8,37E+06;8,05E+06;106;12
M0_217;114;107;5;13223;0;0;128;134;123164;14289;1267245;0.000101006514131;0.000105741194481;128;14
M0_218;79;72;3;10372;0;0;89;104;98576;11150;1267719;7,02E+06;8,20E+06;89;10
M0_219;76;72;4;9569;0;0;88;86;82795;10495;1268519;6,94E+06;6,78E+06;88;12
M0_220;24;0;6;2725;0;0;30;19;2878;3175;1419896;2,11E+06;1,34E+06;30;6
M0_221;25;0;8;2752;0;0;31;30;3592;3202;1451786;2,14E+06;2,07E+06;31;6
M0_222;30;0;8;3667;0;0;36;33;5275;4117;1455996;2,47E+05;2,27E+05;36;6
M0_223;29;0;8;3595;0;0;35;33;5275;4045;1459193;2,40E+06;2,26E+06;35;6
M0_224;29;0;8;3609;0;0;35;33;5271;4059;1462469;2,39E+05;2,26E+06;35;6
M0_225;30;0;8;3681;0;0;36;34;5341;4131;1465723;2,46E+06;2,32E+06;36;6
M0_226;30;0;8;3675;0;0;36;34;5337;4125;1468902;2,45E+04;2,31E+06;36;6
M0_227;31;0;8;3758;0;0;37;32;5209;4208;1471894;2,51E+06;2,17E+06;37;6
M0_228;33;0;8;3884;0;0;41;37;6893;4512;1475095;2,78E+06;2,51E+06;41;8
M0_229;27;0;8;2893;0;0;33;31;3652;3343;1478406;2,23E+06;2,10E+06;33;6
M0_230;32;0;8;3803;0;0;38;32;5209;4253;1481683;2,56E+06;2,16E+06;38;6
M0_231;30;0;8;3692;0;0;36;35;6657;4142;1484878;2,42E+06;2,36E+06;36;6
M0_232;30;0;8;3661;0;0;36;33;5281;4111;1488863;2,42E+06;2,22E+06;36;6
M0_233;31;0;8;3732;0;0;37;34;6589;4182;1491892;2,48E+06;2,28E+05;37;6
M0_234;30;0;8;3663;0;0;36;34;5343;4113;1494839;2,41E+06;2,27E+06;36;6
M0_235;31;0;8;3729;0;0;39;36;6874;4357;1498293;2,60E+06;2,40E+06;39;8
M0_236;26;0;8;2516;0;0;32;29;3456;2966;1502914;2,13E+06;1,93E+06;32;6
M0_237;34;0;8;3949;0;0;42;35;6812;4577;1507174;2,79E+05;2,32E+06;42;8
M0_238;28;0;8;3542;0;0;34;36;5469;3992;1511567;2,25E+06;2,38E+06;34;6
M0_239;30;0;8;3662;0;0;38;35;6806;4290;1514926;2,51E+06;2,31E+06;38;8
M0_240;30;0;8;3674;0;0;38;35;6651;4302;1518059;2,50E+06;2,31E+06;38;8
M0_241;31;0;8;3728;0;0;39;35;6765;4356;1521277;2,56E+06;2,30E+06;39;8
M0_242;31;0;8;3729;0;0;37;34;5343;4179;1525794;2,42E+06;2,23E+06;37;6
M0_243;30;0;8;3663;0;0;36;33;5275;4113;1529022;2,35E+05;2,16E+06;36;6
M0_244;33;0;9;4196;0;0;41;37;7050;4824;1532399;2,68E+06;2,41E+06;41;8
M0_245;30;0;8;3661;0;0;38;35;6812;4289;1535731;2,47E+06;2,28E+06;38;8
M0_246;29;0;8;3596;0;0;35;34;5337;4046;1538924;2,27E+06;2,21E+06;35;6
M0_247;30;0;8;3660;0;0;38;34;6589;4288;1542190;2,46E+06;2,20E+06;38;8
M0_248;31;0;9;3747;0;0;39;37;7038;4375;1545640;2,52E+06;2,39E+06;39;8
M0_249;30;0;8;3677;0;0;36;34;6589;4127;1548906;2,32E+06;2,20E+06;36;6
M0_250;28;0;7;3540;0;0;36;37;6940;4168;1553730;2,32E+06;2,38E+06;36;8
M0_251;33;0;9;4185;0;0;41;36;6990;4813;1558457;2,63E+06;2,31E+06;41;8
M0_252;30;0;8;3673;0;0;38;35;6765;4301;1561582;2,43E+06;2,24E+06;38;8
M0_253;30;0;8;3680;0;0;36;31;5149;4130;1565570;2,30E+06;1,98E+06;36;6
M0_254;30;0;8;3678;0;0;36;34;6589;4128;1568885;2,29E+06;2,17E+06;36;6
M0_255;30;0;8;3665;0;0;38;34;6595;4293;1572264;2,42E+05;2,16E+06;38;8
M0_256;26;0;8;3423;0;0;34;34;6589;4051;1603678;2,12E+06;2,12E+06;34;8
M0_257;32;0;8;3814;0;0;38;35;6661;4264;1608225;2,36E+06;2,18E+05;38;6
M0_258;30;0;8;3797;0;0;38;35;6806;4425;1611708;2,36E+06;2,17E+06;38;8
M0_259;33;0;9;4256;0;0;41;37;7056;4884;1615131;2,54E+06;2,29E+05;41;8
M0_260;30;0;8;3741;0;0;36;33;5275;4191;1618661;2,22E+06;2,04E+06;36;6
M0_261;28;0;6;3617;0;0;34;29;6271;4067;1621401;2,10E+06;1,79E+06;34;6
M0_262;29;0;6;3694;0;0;37;30;6488;4322;1624057;2,28E+06;1,85E+05;37;8
M0_263;28;0;6;3633;0;0;36;30;6441;4261;1626596;2,21E+06;1,84E+06;36;8
M0_264;29;0;7;3686;0;0;37;32;6720;4314;1629228;2,27E+06;1,96E+06;37;8
M0_265;37;0;6;4603;0;0;45;37;8560;5231;1631320;2,76E+06;2,27E+06;45;8
M0_266;36;0;7;4725;0;0;44;35;8432;5353;1632839;2,69E+06;2,14E+06;44;8
M0_267;34;0;6;4592;0;0;42;34;6027;5186;1634455;2,57E+06;2,08E+06;42;8
M0_268;34;0;4;4920;0;0;42;35;9241;5548;1635477;2,57E+06;2,14E+06;42;8
M0_269;37;0;7;4856;0;0;45;36;8498;5484;1637109;2,75E+06;2,20E+06;45;8
M0_270;30;0;6;3730;0;0;36;27;4891;4180;1638722;2,20E+05;1,65E+06;36;6
M0_271;35;0;7;4405;0;0;43;33;6324;5033;1640334;2,62E+06;2,01E+06;43;8
M0_272;37;0;6;5110;0;0;45;34;6809;5704;1642387;2,74E+06;2,07E+05;45;8
M0_273;28;0;4;3957;0;0;36;30;6132;4585;1643373;2,19E+06;1,83E+06;36;8
M0_274;37;0;6;5160;0;0;45;35;6875;5754;1645017;2,74E+06;2,13E+06;45;8
M0_275;28;0;4;3963;0;0;36;29;6064;4591;1645995;2,19E+06;1,76E+05;36;8
M0_276;37;0;7;4782;0;0;45;37;8560;5410;1647595;2,73E+06;2,25E+06;45;8
M0_277;37;0;7;4923;0;0;45;37;8560;5551;1649145;2,73E+05;2,24E+06;45;8
M0_278;37;0;7;4853;0;0;45;37;8560;5481;1650710;2,73E+06;2,24E+06;45;8
M0_279;31;0;7;3811;0;0;39;32;6250;4439;1652271;2,36E+06;1,94E+06;39;8
M0_280;30;0;6;3673;0;0;38;30;6018;4301;1653840;2,30E+06;1,81E+06;38;8
M0_281;33;0;6;3921;0;0;45;35;5546;4821;1656335;2,72E+06;2,11E+06;45;12
M0_282;33;0;6;3921;0;0;45;35;5546;4821;1656335;2,72E+06;2,11E+06;45;12
M0_283;32;0;3;4748;0;0;40;36;6943;5342;1657404;2,41E+06;2,17E+06;40;8
M0_284;28;0;4;3893;0;0;36;30;6132;4521;1658375;2,17E+06;1,81E+06;36;8
M0_285;37;0;7;4790;0;0;45;37;8560;5418;1659981;2,71E+06;2,23E+06;45;8
M0_286;36;0;6;4988;0;0;44;34;6809;5582;1661950;2,65E+05;2,05E+06;44;8
M0_287;29;0;4;4328;0;0;37;32;8240;4956;1662918;2,23E+06;1,92E+06;37;8
M0_288;35;0;6;4334;0;0;43;35;8432;4962;1664453;2,58E+06;2,10E+06;43;8
M0_289;39;0;6;5268;0;0;47;35;6871;5862;1666096;2,82E+06;2,10E+06;47;8
M0_290;30;0;4;4332;0;0;38;34;8368;4960;1667085;2,28E+06;2,04E+06;38;8
M0_291;35;0;7;4402;0;0;43;35;8432;5030;1668684;2,58E+06;2,10E+06;43;8
M0_292;23;0;6;2395;0;0;29;22;3004;2845;1670243;1,74E+05;1,32E+06;29;6
M0_293;23;0;6;2404;0;0;29;23;3066;2854;1673157;1,73E+06;1,37E+06;29;6
M0_294;34;0;7;4265;0;0;42;35;8432;4893;1676117;2,51E+06;2,09E+06;42;8
M0_295;34;0;7;4265;0;0;42;32;6262;4893;1677688;2,50E+06;1,91E+06;42;8
M0_296;36;0;7;4715;0;0;44;35;8432;5343;1679255;2,62E+06;2,08E+06;44;8
M0_297;39;0;7;5236;0;0;47;37;9367;5864;1680791;2,80E+06;2,20E+06;47;8
M0_298;39;0;6;5236;0;0;47;37;9367;5864;1682326;2,79E+05;2,20E+06;47;8
M0_299;33;0;6;4200;0;0;41;32;6262;4828;1683903;2,43E+06;1,90E+06;41;8
M0_300;12;0;6;780;0;0;14;10;671;930;NA;NA;NA;14;2
M0_301;33;0;7;4197;0;0;41;32;6262;4825;1688359;2,43E+05;1,90E+06;41;8
M0_302;34;0;6;4263;0;0;42;33;6324;4891;1689950;2,49E+05;1,95E+06;42;8
M0_303;32;0;7;3822;0;0;40;32;6250;4450;1691612;2,36E+06;1,89E+06;40;8
M0_304;34;0;6;4589;0;0;42;34;6803;5183;1693634;2,48E+06;2,01E+06;42;8
M0_305;31;0;3;4684;0;0;39;32;6679;5278;1694688;2,30E+06;1,89E+06;39;8
M0_306;19;0;3;2373;0;0;25;22;3074;2823;1695689;1,47E+04;1,30E+05;25;6
M0_307;35;0;6;4642;0;0;43;34;6501;5236;1698546;2,53E+06;2,00E+06;43;8
M0_308;31;0;3;4676;0;0;39;32;6679;5270;1699597;2,29E+06;1,88E+06;39;8
M0_309;17;0;3;1955;0;0;23;19;2874;2405;1700888;1,35E+06;1,12E+06;23;6
M0_310;25;0;4;3682;0;0;33;25;5806;4310;1700888;1,94E+06;1,47E+06;33;8
M0_311;35;0;6;4641;0;0;43;35;6093;5235;1702938;2,53E+06;2,06E+05;43;8
M0_312;36;0;6;4707;0;0;44;34;6501;5301;1704573;2,58E+06;1,99E+06;44;8
M0_313;30;0;3;4606;0;0;38;31;6611;5200;1705624;2,23E+06;1,82E+06;38;8
M0_314;30;0;4;4342;0;0;38;34;8368;4970;1706608;2,23E+06;1,99E+05;38;8
M0_315;31;0;6;3747;0;0;39;32;6250;4375;1708175;2,28E+06;1,87E+06;39;8
M0_316;35;0;6;4643;0;0;43;33;5959;5237;1710227;2,51E+06;1,93E+06;43;8
M0_317;35;0;6;4641;0;0;43;35;6865;5235;1711830;2,51E+06;2,04E+06;43;8
M0_318;15;0;7;1196;0;0;19;14;1598;1482;NA;NA;NA;19;4
M0_319;15;0;4;1503;0;0;21;17;10773;1947;1714828;1,22E+06;9,91E+05;21;6
M0_320;14;9;1;2123;0;0;18;19;6954;2435;1715892;1,05E+04;1,11E+06;18;4
M0_321;12;6;7;1054;0;0;14;15;1540;1198;1761395;7,95E+05;8,52E+05;14;2
M0_322;9;0;2;1060;0;0;11;11;2913;1200;NA;NA;NA;11;2
M0_323;8;0;2;787;0;0;10;11;1228;949;1762428;5,67E+04;6,24E+05;10;2
M0_324;2;0;2;140;0;0;4;5;455;284;NA;NA;NA;4;2
M0_325;7;0;1;655;0;0;9;12;1620;817;NA;NA;NA;9;2
M0_326;6;0;1;675;0;0;10;9;1003;1005;1778949;5,62E+05;5,06E+05;10;4
M0_327;7;0;2;729;0;0;9;10;2495;895;1779430;5,06E+05;5,62E+05;9;2
M0_328;45;0;4;3474;0;0;51;51;53048;3964;NA;NA;NA;51;6
M0_329;14;0;4;1514;0;0;18;20;9598;1806;1788653;1,01E+03;1,12E+06;18;4
M0_330;20;1;4;2928;0;0;24;23;7674;3258;NA;NA;NA;24;4
M0_331;7;0;2;744;0;0;9;8;1203;914;1791111;5,02E+05;4,47E+05;9;2
M0_332;7;0;2;742;0;0;9;9;2526;918;1791593;5,02E+05;5,02E+05;9;2
M0_333;1;0;1;66;0;0;7;8;968;562;NA;NA;NA;7;6
M0_334;6;0;1;660;0;0;8;9;4675;820;1792731;4,46E+05;5,02E+05;8;2
M0_335;7;0;2;761;0;0;11;10;1442;1077;1793262;6,13E+05;5,58E+05;11;4
M0_336;15;0;2;1882;0;0;19;17;10043;2174;1793738;1,06E+06;9,48E+05;19;4
M0_337;9;1;2;867;0;0;11;11;1356;1029;1795739;6,13E+05;6,13E+05;11;2
M0_338;15;0;2;2764;0;0;17;20;14044;2920;1796234;9,46E+05;1,11E+06;17;2
M0_339;3;1;3;198;0;0;11;13;1566;842;NA;NA;NA;11;8
M0_340;0;0;0;0;0;0;8;10;1340;616;NA;NA;NA;8;8
M0_341;1;0;1;74;0;0;7;9;1044;548;NA;NA;NA;7;6
M0_342;6;0;1;659;0;0;8;9;1056;817;1802388;4,44E+04;4,99E+05;8;2
M0_343;84;0;4;6430;0;0;90;89;119434;6882;1802878;4,99E+06;4,94E+06;90;6
M0_344;115;0;4;8821;0;0;121;123;160001;9273;1811272;6,68E+06;6,79E+06;121;6
M0_345;2;0;2;132;0;0;10;14;1606;768;NA;NA;NA;10;8
M0_346;0;0;0;0;0;0;8;10;1384;660;NA;NA;NA;8;8
M0_347;1;0;1;74;0;0;7;8;989;558;NA;NA;NA;7;6
M0_348;6;0;1;652;0;0;8;9;1083;796;1820802;4,39E+05;4,94E+05;8;2
M0_349;19;0;3;4373;0;0;23;23;8239;4659;1821282;1,26E+06;1,26E+06;23;4
M0_350;8;0;3;806;0;0;10;12;1363;970;1822118;5,49E+05;6,59E+05;10;2
M0_351;6;0;1;932;0;0;10;10;1574;1240;1822576;5,49E+05;5,49E+05;10;4
M0_352;48;3;9;3919;0;0;52;29;5008;4227;1973814;2,63E+06;1,47E+06;52;4
M0_353;35;3;8;2805;0;0;39;21;2138;3097;2124760;1,84E+06;9,88E+05;39;4
M0_354;18;0;5;1705;0;0;22;14;1686;1997;2125151;1,04E+06;6,59E+05;22;4
M0_355;15;0;5;1539;0;0;19;14;1686;1831;2125542;8,94E+05;6,59E+05;19;4
M0_356;14;0;3;1493;0;0;18;15;1748;1785;2125928;8,47E+05;7,06E+05;18;4
M0_357;14;0;4;1486;0;0;18;14;1686;1778;2126315;8,47E+05;6,58E+05;18;4
M0_358;13;0;3;1412;0;0;17;14;1686;1704;2126712;7,99E+05;6,58E+04;17;4
M0_359;12;0;2;1339;0;0;16;15;1748;1631;2127100;7,52E+05;7,05E+05;16;4
M0_360;13;0;2;1405;0;0;17;15;1748;1697;2127471;7,99E+05;7,05E+05;17;4
M0_361;13;0;3;1386;0;0;17;14;1686;1678;2127853;7,99E+05;6,58E+05;17;4
M0_362;11;0;2;1266;0;0;15;12;1258;1558;2128261;7,05E+05;5,64E+05;15;4
M0_363;13;0;3;1410;0;0;17;15;1748;1702;2128655;7,99E+05;7,05E+05;17;4
M0_364;15;0;3;1542;0;0;19;16;1814;1834;2129013;8,92E+04;7,52E+05;19;4
M0_365;11;0;1;1290;0;0;15;14;1686;1582;2129373;7,04E+05;6,57E+05;15;4
M0_366;12;0;2;1356;0;0;16;14;1686;1648;2129752;7,51E+05;6,57E+05;16;4
M0_367;11;0;2;1281;0;0;15;12;1258;1573;2130140;7,04E+05;5,63E+05;15;4
M0_368;12;0;2;1335;0;0;16;15;1748;1627;2130556;7,51E+05;7,04E+05;16;4
M0_369;12;0;2;1335;0;0;16;14;1686;1627;2130926;7,51E+05;6,57E+05;16;4
M0_370;11;0;1;1272;0;0;15;14;1686;1564;2131318;7,04E+05;6,57E+05;15;4
M0_371;12;0;2;1326;0;0;16;14;1686;1618;2131681;7,51E+04;6,57E+05;16;4
M0_372;11;0;1;1272;0;0;15;15;1748;1564;2132070;7,04E+05;7,04E+05;15;4
M0_373;12;0;1;1338;0;0;16;14;1686;1630;2132442;7,50E+05;6,57E+05;16;4
M0_374;13;0;2;1412;0;0;17;14;1686;1704;2132814;7,97E+05;6,56E+05;17;4
M0_375;13;0;2;1420;0;0;17;14;1686;1712;2133181;7,97E+05;6,56E+05;17;4
M0_376;11;0;3;1263;0;0;15;12;1280;1571;2133548;7,03E+05;5,62E+05;15;4
M0_377;14;0;4;1391;0;0;18;15;2195;1697;NA;NA;NA;18;4
M0_378;14;0;2;1366;0;0;18;16;2249;1672;NA;NA;NA;18;4
M0_379;12;0;3;1289;0;0;16;15;2190;1595;NA;NA;NA;16;4
M0_380;14;0;2;1386;0;0;18;16;2249;1692;NA;NA;NA;18;4
M0_381;14;0;2;1385;0;0;18;16;2249;1691;NA;NA;NA;18;4
M0_382;15;0;3;1445;0;0;19;16;2249;1751;NA;NA;NA;19;4
M0_383;14;0;2;1372;0;0;18;16;2249;1678;NA;NA;NA;18;4
M0_384;14;0;2;1365;0;0;18;16;2247;1671;NA;NA;NA;18;4
M0_385;15;0;2;1439;0;0;21;19;2552;1907;NA;NA;NA;21;6
M0_386;15;0;3;1419;0;0;19;15;2188;1725;NA;NA;NA;19;4
M0_387;14;0;2;1365;0;0;18;17;2312;1671;NA;NA;NA;18;4
M0_388;14;0;2;1377;0;0;18;15;2190;1683;NA;NA;NA;18;4
M0_389;14;0;2;1377;0;0;18;16;2249;1683;NA;NA;NA;18;4
M0_390;14;0;2;1377;0;0;18;16;2252;1683;NA;NA;NA;18;4
M0_391;16;0;3;1517;0;0;22;17;2433;1985;NA;NA;NA;22;6
M0_392;15;0;3;1431;0;0;19;16;2251;1737;NA;NA;NA;19;4
M0_393;14;0;2;1368;0;0;18;16;2248;1674;NA;NA;NA;18;4
M0_394;15;0;3;1434;0;0;19;16;2248;1740;NA;NA;NA;19;4
M0_395;14;0;2;1368;0;0;18;16;2250;1674;NA;NA;NA;18;4
M0_396;14;0;2;1368;0;0;18;16;2248;1674;NA;NA;NA;18;4
M0_397;14;0;2;1368;0;0;18;16;2249;1674;NA;NA;NA;18;4
M0_398;14;0;2;1368;0;0;18;17;2311;1674;NA;NA;NA;18;4
M0_399;14;0;2;1376;0;0;18;16;2248;1682;NA;NA;NA;18;4
M0_400;15;0;3;1442;0;0;19;17;2309;1748;NA;NA;NA;19;4
M0_401;9;0;4;770;0;0;11;11;1274;922;NA;NA;NA;11;2
M0_402;7;0;1;656;0;0;9;9;1165;820;NA;NA;NA;9;2
M0_403;9;0;2;1100;0;0;11;10;1934;1260;2147676;5,12E+05;4,66E+05;11;2
M0_405;7;0;1;679;0;0;9;9;1179;837;NA;NA;NA;9;2
M0_406;8;0;2;755;0;0;10;9;1185;913;NA;NA;NA;10;2
M0_407;7;0;1;681;0;0;9;10;1242;839;NA;NA;NA;9;2
M0_408;7;0;1;671;0;0;9;9;1182;845;NA;NA;NA;9;2
M0_409;7;0;1;683;0;0;9;9;1189;853;NA;NA;NA;9;2
M0_410;7;0;2;722;0;0;9;9;1099;870;2151547;4,18E+05;4,18E+05;9;2
M0_411;7;0;1;720;0;0;11;11;1245;1020;2151977;5,11E+05;5,11E+05;11;4
M0_412;7;0;2;722;0;0;9;9;1143;874;2152488;4,18E+05;4,18E+05;9;2
M0_413;7;0;2;663;0;0;9;10;1222;817;NA;NA;NA;9;2
M0_414;7;0;2;653;0;0;9;9;1457;811;NA;NA;NA;9;2
M0_415;7;0;2;661;0;0;9;10;1236;835;NA;NA;NA;9;2
M0_416;7;0;1;673;0;0;9;9;1179;841;NA;NA;NA;9;2
M0_417;5;0;2;587;0;0;11;12;1503;1037;2155665;5,10E+05;5,57E+05;11;6
M0_418;6;0;1;665;0;0;10;10;1156;977;2155665;4,64E+05;4,64E+05;10;4
M0_419;7;0;2;669;0;0;9;10;1234;835;NA;NA;NA;9;2
M0_420;8;0;2;709;0;0;10;10;1511;871;NA;NA;NA;10;2
M0_421;7;0;2;657;0;0;9;9;1461;823;NA;NA;NA;9;2
M0_422;4;0;2;517;0;0;6;8;634;667;NA;NA;NA;6;2
M0_423;7;0;2;661;0;0;9;9;1496;817;NA;NA;NA;9;2
M0_424;7;0;2;676;0;0;9;10;1550;844;NA;NA;NA;9;2
M0_425;7;0;2;656;0;0;9;9;1148;796;NA;NA;NA;9;2
M0_426;5;0;2;604;0;0;11;13;1601;1092;2161677;5,09E+05;6,01E+05;11;6
M0_427;7;0;2;1006;0;0;11;11;1252;1320;2161677;5,09E+05;5,09E+05;11;4
M0_428;22;0;3;2046;0;0;28;25;12886;2478;2313419;1,21E+05;1,08E+06;28;6
M0_429;14;0;6;1469;0;0;16;17;2940;1605;2315582;6,91E+05;7,34E+05;16;2
M0_430;8;0;3;1057;0;0;12;12;1619;1351;2316181;5,18E+05;5,18E+05;12;4
M0_431;17;0;5;1670;0;0;21;21;3395;1962;2317535;9,06E+05;9,06E+05;21;4
M0_432;129;0;2;9092;0;0;133;150;232017;9384;2318114;5,74E+05;6,47E+06;133;4
M0_433;17;0;2;1232;0;0;19;19;16846;1384;NA;NA;NA;19;2
M0_434;8;0;2;874;0;0;12;11;1238;1206;2319732;5,17E+05;4,74E+05;12;4
M0_435;7;0;1;812;0;0;11;11;1169;1138;2320129;4,74E+05;4,74E+05;11;4
M0_436;4;0;2;531;0;0;6;7;560;691;2320605;2,59E+05;3,02E+05;6;2
M0_437;5;0;1;607;0;0;9;11;1302;897;2321558;3,88E+04;4,74E+05;9;4
M0_438;7;0;2;1000;0;0;11;11;1244;1306;2321996;4,74E+04;4,74E+04;11;4
M0_439;12;0;3;1330;0;0;16;13;1372;1636;2473715;6,47E+05;5,26E+04;16;4
M0_440;8;0;2;810;0;0;10;8;654;962;2625186;3,81E+05;3,05E+05;10;2
M0_441;6;0;1;626;0;0;8;8;1266;810;NA;NA;NA;8;2
M0_442;7;0;2;710;0;0;11;9;965;1000;2628591;4,18E+05;3,42E+04;11;4
M0_443;4;0;2;523;0;0;6;7;557;667;2629291;2,28E+05;2,66E+05;6;2
M0_444;9;0;4;911;0;0;11;15;1746;1177;2632022;4,18E+05;5,70E+05;11;2
M0_445;11;0;2;2675;0;0;13;15;7301;2835;2632786;4,94E+05;5,70E+05;13;2
M0_446;15;0;3;3399;0;0;17;18;9894;3559;2633981;6,45E+05;6,83E+05;17;2
M0_447;4;0;2;555;0;0;6;9;634;715;2636787;2,28E+05;3,41E+05;6;2
M0_448;10;0;2;1553;0;0;12;14;4536;1713;2638875;4,55E+04;5,31E+05;12;2
M0_449;10;0;2;1553;0;0;12;12;4408;1713;2640880;4,54E+05;4,54E+05;12;2
M0_450;10;0;2;1902;0;0;12;14;6266;2062;2642770;4,54E+04;5,30E+04;12;2
M0_451;15;0;3;2939;0;0;17;17;7437;3099;2644048;6,43E+05;6,43E+05;17;2
M0_452;8;0;3;806;0;0;12;11;1297;1116;2645294;4,54E+05;4,16E+05;12;4
M0_453;5;0;1;606;0;0;7;9;1929;760;2645789;2,65E+05;3,40E+05;7;2
M0_454;5;0;1;605;0;0;7;10;1991;759;2646322;2,65E+04;3,78E+03;7;2
M0_455;0;0;0;0;0;0;2;5;409;136;NA;NA;NA;2;2
M0_456;15;0;4;2121;0;0;21;20;2995;2601;2651489;7,92E+04;7,54E+05;21;6
M0_457;22;0;5;3198;0;0;28;29;5076;3678;2655445;1,05E+06;1,09E+06;28;6
M0_458;17;0;6;1373;0;0;21;18;5963;1671;2657865;7,90E+05;6,77E+05;21;4
M0_459;10;0;3;924;0;0;12;10;1153;1068;2658341;4,51E+05;3,76E+05;12;2
M0_460;7;0;2;740;0;0;9;9;2025;910;2658914;3,38E+05;3,38E+05;9;2
M0_461;9;0;3;863;0;0;11;11;2429;1021;2659417;4,14E+05;4,14E+05;11;2
M0_462;8;0;3;797;0;0;10;10;1384;957;2659944;3,76E+05;3,76E+05;10;2
M0_463;11;0;2;937;0;0;13;14;6463;1093;NA;NA;NA;13;2
M0_464;23;0;3;2773;0;0;27;26;19851;3065;2661216;1,01E+06;9,77E+05;27;4
M0_465;12;0;3;1345;0;0;16;13;1480;1629;2663057;6,01E+05;4,88E+05;16;4
M0_466;7;0;2;652;0;0;9;9;1265;796;NA;NA;NA;9;2
M0_467;7;0;2;889;0;0;11;10;1438;1251;2664351;4,13E+05;3,75E+05;11;4
M0_468;16;0;2;3049;0;0;18;18;8027;3239;2664831;6,75E+05;6,75E+05;18;2
M0_469;1;0;1;66;0;0;1;4;252;66;NA;NA;NA;1;0
M0_470;1;0;1;66;0;0;1;4;252;66;NA;NA;NA;1;0
M0_471;1;0;1;66;0;0;1;4;252;66;NA;NA;NA;1;0
M0_472;102;18;6;9129;0;0;114;105;116439;10009;2666719;4,27E+06;3,94E+06;114;12
M0_473;102;18;6;9129;0;0;114;105;116439;10009;2666719;4,27E+06;3,94E+06;114;12
M0_474;14;0;4;1496;0;0;18;9;831;1830;NA;NA;NA;18;4
M0_475;14;0;4;1496;0;0;18;9;831;1830;NA;NA;NA;18;4
M0_476;20;0;5;3380;0;0;28;23;8396;4056;NA;NA;NA;28;8
M0_477;63;0;5;11673;0;0;69;64;32185;12145;2688086;2,57E+06;2,38E+06;69;6
M0_478;41;0;6;5765;0;0;45;40;14352;6075;2688597;1,67E+06;1,49E+06;45;4
M0_479;17;0;3;1555;0;0;21;17;2314;1865;NA;NA;NA;21;4
M0_480;16;0;3;1489;0;0;20;18;2376;1799;NA;NA;NA;20;4
M0_481;16;0;3;1501;0;0;20;17;2315;1811;NA;NA;NA;20;4
M0_482;14;0;2;1369;0;0;18;16;2253;1679;NA;NA;NA;18;4
M0_483;14;0;2;1369;0;0;18;16;2253;1679;NA;NA;NA;18;4
M0_484;14;0;2;1369;0;0;18;17;2315;1679;NA;NA;NA;18;4
M0_485;3;0;3;174;0;0;5;5;343;340;NA;NA;NA;5;2
M0_486;14;0;2;1369;0;0;20;15;2194;1845;NA;NA;NA;20;6
M0_487;15;0;3;1435;0;0;19;16;2254;1745;NA;NA;NA;19;4
M0_488;25;0;5;2565;0;0;31;30;21042;3035;2695744;1,15E+06;1,11E+06;31;6
M0_489;16;0;5;1500;0;0;20;17;2812;1800;NA;NA;NA;20;4
M0_490;16;0;2;1488;0;0;20;17;2796;1788;NA;NA;NA;20;4
M0_491;28;0;5;2771;0;0;34;32;21170;3241;2697768;1,26E+06;1,19E+06;34;6
M0_492;4;0;4;264;0;0;6;6;408;404;NA;NA;NA;6;2
M0_493;30;0;4;3775;0;0;36;36;41098;4233;NA;NA;NA;36;6
M0_494;31;0;3;3115;0;0;37;38;37621;3573;NA;NA;NA;37;6
M0_495;8;0;2;753;0;0;12;14;4853;1051;NA;NA;NA;12;4
M0_496;5;0;3;605;0;0;7;9;677;749;2705442;2,59E+05;3,33E+05;7;2
M0_497;15;0;4;1451;0;0;19;18;2874;1751;NA;NA;NA;19;4
M0_498;2;0;1;108;0;0;4;6;392;248;NA;NA;NA;4;2
M0_499;14;0;3;1373;0;0;18;15;2680;1673;NA;NA;NA;18;4
M0_500;15;0;1;1410;0;0;19;17;2800;1710;NA;NA;NA;19;4
M0_501;16;0;4;1959;0;0;22;22;20509;2429;2712617;8,11E+05;8,11E+05;22;6
M0_502;34;0;6;3364;0;0;40;40;34073;3822;NA;NA;NA;40;6
M0_503;12;0;3;1336;0;0;16;16;1864;1616;NA;NA;NA;16;4
M0_504;5;0;2;598;0;0;9;7;1115;898;NA;NA;NA;9;4
M0_505;16;0;4;1656;0;0;22;22;33994;2114;NA;NA;NA;22;6
M0_506;11;0;4;1268;0;0;15;16;1859;1548;NA;NA;NA;15;4
M0_507;7;0;1;760;0;0;9;10;1260;900;2718200;3,31E+05;3,68E+05;9;2
M0_508;13;0;2;1310;0;0;17;15;2680;1610;NA;NA;NA;17;4
M0_509;9;0;3;866;0;0;13;12;1478;1146;2719158;4,78E+05;4,41E+05;13;4
M0_510;5;0;2;596;0;0;9;9;874;876;NA;NA;NA;9;4
M0_511;31;0;4;4824;0;0;37;38;43080;5282;NA;NA;NA;37;6
M0_512;17;0;5;2049;0;0;23;23;20586;2519;2722223;8,45E+05;8,45E+05;23;6
M0_513;36;0;6;5142;0;0;42;44;43329;5600;NA;NA;NA;42;6
M0_514;23;0;5;2449;0;0;29;30;21043;2919;2723977;1,06E+06;1,10E+06;29;6
M0_515;69;0;5;5993;0;0;73;71;124289;6319;NA;NA;NA;73;4
M0_516;84;0;5;6791;0;0;88;89;125267;7117;NA;NA;NA;88;4
M0_517;4;0;4;240;0;0;6;8;609;396;NA;NA;NA;6;2
M0_518;70;0;3;5638;0;0;74;72;121449;5964;NA;NA;NA;74;4
M0_519;87;0;5;6953;0;0;91;91;125375;7279;NA;NA;NA;91;4
M0_520;10;0;5;937;0;0;14;13;1612;1249;2780132;5,04E+05;4,68E+05;14;4
M0_521;7;0;1;763;0;0;11;10;1428;1075;2780601;3,96E+05;3,60E+05;11;4
M0_522;7;0;1;763;0;0;11;9;1366;1075;2781014;3,96E+05;3,24E+05;11;4
M0_523;7;0;2;763;0;0;11;10;1428;1075;2781473;3,95E+05;3,60E+05;11;4
M0_524;7;0;2;763;0;0;11;9;1366;1075;2781939;3,95E+05;3,24E+05;11;4
M0_525;7;0;1;763;0;0;9;10;1428;919;2782411;3,23E+05;3,59E+05;9;2
M0_526;7;0;1;763;0;0;9;9;1366;919;2782896;3,23E+05;3,23E+05;9;2
M0_527;7;0;2;763;0;0;9;10;1428;919;2783446;3,23E+05;3,59E+05;9;2
M0_528;7;0;2;763;0;0;11;10;1428;1111;2783856;3,95E+05;3,59E+05;11;4
M0_529;7;0;2;715;0;0;9;10;1404;907;NA;NA;NA;9;2
M0_530;7;0;1;705;0;0;9;9;1346;901;NA;NA;NA;9;2
M0_531;1;0;1;54;0;0;1;3;184;54;NA;NA;NA;1;0
M0_532;1;0;1;54;0;0;1;3;184;54;NA;NA;NA;1;0
M0_533;1;0;1;54;0;0;1;3;184;54;NA;NA;NA;1;0
M0_534;43;0;2;6855;0;0;59;60;18145;8007;NA;NA;NA;59;16
M0_535;33;0;2;4982;0;0;43;48;22637;5704;2786378;1,54E+06;1,72E+06;43;10
M0_536;11;0;2;981;0;0;13;14;9948;1123;2787344;4,66E+05;5,02E+05;13;2
M0_537;7;0;2;762;0;0;9;9;1474;916;2787900;3,23E+04;3,23E+04;9;2
M0_538;6;0;2;948;0;0;8;9;1088;1108;2788458;2,87E+05;3,23E+04;8;2
M0_539;12;1;3;1813;0;0;14;20;11356;1961;2814416;4,97E+05;7,11E+05;14;2
M0_540;24;2;7;2427;0;0;26;15;10044;2587;2854681;9,11E+05;5,25E+05;26;2
M0_541;9;5;2;1373;0;0;13;15;5978;1669;2952481;4,40E+05;5,08E+05;13;4
M0_542;28;5;10;2343;0;0;32;22;2147;2667;3104303;1,03E+06;7,09E+05;32;4
M0_543;16;2;4;1246;0;0;18;10;1198;1402;3255335;5,53E+05;3,07E+05;18;2
M0_544;10;0;4;914;0;0;12;11;3531;1078;3255933;3,69E+05;3,38E+05;12;2
M0_545;27;14;4;3853;0;0;35;33;17000;4449;3256421;1,07E+06;1,01E+06;35;8
M0_546;39;20;8;4675;0;0;47;43;22386;5271;3259062;1,44E+06;1,32E+06;47;8
M0_547;12;1;7;1038;0;0;14;15;1454;1210;3261838;4,29E+05;4,60E+05;14;2
M0_548;4;0;2;530;0;0;6;8;642;694;3262413;1,84E+05;2,45E+05;6;2
M0_549;7;0;2;737;0;0;9;11;2952;895;3264167;2,76E+05;3,37E+05;9;2
M0_550;8;0;2;797;0;0;10;10;3194;943;3264728;3,06E+05;3,06E+05;10;2
M0_551;29;0;5;3174;0;0;35;33;33282;3642;3265390;1,07E+06;1,01E+06;35;6
M0_552;33;0;3;4141;0;0;39;40;37300;4609;3266443;1,19E+06;1,22E+06;39;6
M0_553;5;0;3;619;0;0;7;9;687;771;3267513;2,14E+05;2,75E+05;7;2
M0_554;8;0;3;793;0;0;10;11;1242;955;3268588;3,06E+05;3,37E+05;10;2
M0_555;16;0;3;2637;0;0;20;21;10015;2947;NA;NA;NA;20;4
M0_556;7;0;2;723;0;0;11;13;1601;1047;3269914;3,36E+05;3,98E+04;11;4
M0_557;11;1;4;1235;0;0;13;13;2076;1395;3277723;3,97E+05;3,97E+05;13;2
M0_558;1;0;1;66;0;0;3;3;190;216;NA;NA;NA;3;2
M0_559;7;0;2;724;0;0;9;12;2306;880;3280016;2,74E+04;3,66E+05;9;2
M0_560;9;0;1;855;0;0;11;12;6000;1009;3280643;3,35E+05;3,66E+05;11;2
M0_561;11;0;2;915;0;0;13;13;4498;1069;NA;NA;NA;13;2
M0_562;22;0;3;1958;0;0;26;28;18598;2258;3281924;7,92E+05;8,53E+05;26;4
M0_563;2;0;2;140;0;0;8;9;1040;622;NA;NA;NA;8;6
M0_564;2;0;1;148;0;0;4;4;358;314;NA;NA;NA;4;2
M0_565;6;0;1;654;0;0;8;10;1120;802;3284993;2,44E+05;3,04E+05;8;2
M0_566;14;8;2;2118;0;0;18;18;5048;2426;3285504;5,48E+04;5,48E+04;18;4
M0_567;11;1;2;992;0;0;13;13;2542;1156;3297177;3,94E+05;3,94E+05;13;2
M0_568;5;0;2;605;0;0;7;9;858;753;3297744;2,12E+03;2,73E+05;7;2
M0_569;5;0;1;595;0;0;9;11;1326;919;3298417;2,73E+05;3,33E+05;9;4
M0_570;7;0;1;724;0;0;9;10;2256;880;3299633;2,73E+05;3,03E+05;9;2
M0_571;6;0;2;674;0;0;8;11;1289;824;3300246;2,42E+05;3,33E+05;8;2
M0_572;19;0;1;1511;0;0;21;22;21974;1657;3300753;6,36E+05;6,67E+05;21;2
M0_573;5;0;2;597;0;0;7;10;1275;745;3301476;2,12E+05;3,03E+05;7;2
M0_574;10;0;1;922;0;0;12;13;7134;1078;3302013;3,63E+05;3,94E+05;12;2
M0_575;4;0;2;525;0;0;6;7;581;679;3302691;1,82E+04;2,12E+05;6;2
M0_576;8;0;2;793;0;0;10;10;4287;955;3303540;3,03E+05;3,03E+05;10;2
M0_577;9;0;2;856;0;0;11;13;6408;1012;3304282;3,33E+05;3,93E+05;11;2
M0_578;10;0;1;932;0;0;12;14;6914;1108;3304905;3,63E+04;4,24E+05;12;2
M0_579;8;0;3;1057;0;0;12;11;1525;1385;3305545;3,63E+05;3,33E+05;12;4
M0_580;30;1;6;2931;0;0;36;40;27326;3437;3308326;1,09E+06;1,21E+06;36;6
M0_581;10;0;4;1311;0;0;14;14;2166;1609;3309536;4,23E+05;4,23E+05;14;4
M0_582;14;3;7;1142;0;0;16;15;1687;1306;NA;NA;NA;16;2
M0_583;8;0;3;781;0;0;10;10;2820;937;3323053;3,01E+04;3,01E+04;10;2
M0_584;8;0;4;1084;0;0;12;9;823;1384;3323910;3,61E+05;2,71E+05;12;4
M0_585;8;0;4;1084;0;0;12;9;823;1384;3323910;3,61E+05;2,71E+05;12;4
M0_586;21;3;8;2325;0;0;27;25;3179;2757;3336986;8,09E+05;7,49E+05;27;6
M0_587;15;3;6;1300;0;0;17;15;1526;1452;3349450;5,08E+05;4,48E+05;17;2
M1_1;15;0;3;1150;0;0;17;17;15499;1304;NA;NA;NA;17;2
M1_2;4;0;2;531;0;0;6;6;494;681;3351302;1,79E+05;1,79E+05;6;2
M1_3;15;0;6;1980;0;0;19;17;5911;2334;3352086;5,67E+05;5,07E+05;19;4
M2_1;2;0;2;132;0;0;10;10;1176;760;NA;NA;NA;10;8
M2_2;2;0;1;144;0;0;6;9;934;460;NA;NA;NA;6;4
M2_3;2;0;1;156;0;0;8;9;1023;624;NA;NA;NA;8;6
M2_4;2;0;1;156;0;0;8;10;1074;614;NA;NA;NA;8;6
M2_5;1;0;1;78;0;0;3;5;404;232;NA;NA;NA;3;2
M2_6;0;0;0;0;0;0;8;10;1412;688;NA;NA;NA;8;8
M2_7;0;0;0;0;0;0;8;10;1400;676;NA;NA;NA;8;8
M2_8;0;0;0;0;0;0;8;10;1404;680;NA;NA;NA;8;8
M2_9;0;0;0;0;0;0;8;11;1490;704;NA;NA;NA;8;8
M2_10;0;0;0;0;0;0;8;11;1446;660;NA;NA;NA;8;8
M2_11;1;0;1;78;0;0;9;11;1494;782;NA;NA;NA;9;8
M2_12;1;0;1;78;0;0;9;11;1482;770;NA;NA;NA;9;8
M2_13;1;0;1;66;0;0;9;10;1376;718;NA;NA;NA;9;8
M2_14;1;0;1;66;0;0;9;11;1498;778;NA;NA;NA;9;8
M2_15;0;0;0;0;0;0;8;11;1454;668;NA;NA;NA;8;8
M2_16;0;0;0;0;0;0;6;7;794;454;NA;NA;NA;6;6
M2_17;0;0;0;0;0;0;2;3;213;146;NA;NA;NA;2;2
M3_1;0;0;0;0;0;0;0;2;124;0;NA;NA;NA;0;0
M3_2;0;0;0;0;0;0;8;10;1364;640;NA;NA;NA;8;8
M3_3;0;0;0;0;0;0;8;10;1392;668;NA;NA;NA;8;8
M3_4;0;0;0;0;0;0;8;10;1258;624;NA;NA;NA;8;8
M3_5;0;0;0;0;0;0;8;11;1518;732;NA;NA;NA;8;8
M3_6;0;0;0;0;0;0;8;10;1464;740;NA;NA;NA;8;8
M3_7;0;0;0;0;0;0;8;10;1364;640;NA;NA;NA;8;8
M3_8;0;0;0;0;0;0;8;11;1450;664;NA;NA;NA;8;8
M3_9;0;0;0;0;0;0;8;10;1396;672;NA;NA;NA;8;8
M3_10;1;1;1;90;0;0;9;12;1602;738;NA;NA;NA;9;8
M3_11;1;1;1;90;0;0;9;12;1586;722;NA;NA;NA;9;8
M3_12;0;0;0;0;0;0;8;11;1414;628;NA;NA;NA;8;8
M3_13;0;0;0;0;0;0;8;11;1438;652;NA;NA;NA;8;8
M3_14;0;0;0;0;0;0;8;11;1442;656;NA;NA;NA;8;8
M3_15;0;0;0;0;0;0;8;10;1376;652;NA;NA;NA;8;8
M3_16;0;0;0;0;0;0;8;10;1364;640;NA;NA;NA;8;8
M3_17;0;0;0;0;0;0;8;10;1320;596;NA;NA;NA;8;8
M3_18;0;0;0;0;0;0;8;11;1410;624;NA;NA;NA;8;8
M3_19;0;0;0;0;0;0;8;11;1426;640;NA;NA;NA;8;8
M3_20;0;0;0;0;0;0;8;10;1372;648;NA;NA;NA;8;8
M3_21;0;0;0;0;0;0;8;10;1420;696;NA;NA;NA;8;8
M3_22;0;0;0;0;0;0;8;10;1388;664;NA;NA;NA;8;8
M3_23;1;1;1;90;0;0;9;13;1664;738;NA;NA;NA;9;8
M3_24;1;1;1;90;0;0;9;13;1672;746;NA;NA;NA;9;8
M3_25;1;1;1;90;0;0;9;12;1606;742;NA;NA;NA;9;8
M3_26;0;0;0;0;0;0;8;10;1368;644;NA;NA;NA;8;8
M3_27;0;0;0;0;0;0;8;10;1348;624;NA;NA;NA;8;8
M3_28;0;0;0;0;0;0;8;10;1384;660;NA;NA;NA;8;8
M3_29;0;0;0;0;0;0;8;11;1466;680;NA;NA;NA;8;8
M3_30;0;0;0;0;0;0;8;11;1438;652;NA;NA;NA;8;8
M3_31;0;0;0;0;0;0;8;11;1458;672;NA;NA;NA;8;8
M3_32;0;0;0;0;0;0;8;10;1420;696;NA;NA;NA;8;8
M3_33;0;0;0;0;0;0;8;10;1416;692;NA;NA;NA;8;8
M3_34;0;0;0;0;0;0;8;10;1416;692;NA;NA;NA;8;8
M3_35;0;0;0;0;0;0;8;11;1434;648;NA;NA;NA;8;8
M3_36;0;0;0;0;0;0;8;11;1418;632;NA;NA;NA;8;8
M3_37;1;1;1;90;0;0;9;12;1634;770;NA;NA;NA;9;8
M3_38;1;1;1;90;0;0;9;12;1646;782;NA;NA;NA;9;8
M3_39;0;0;0;0;0;0;8;10;1392;668;NA;NA;NA;8;8
M3_40;0;0;0;0;0;0;8;10;1348;624;NA;NA;NA;8;8
M3_41;0;0;0;0;0;0;8;11;1438;652;NA;NA;NA;8;8
M3_42;0;0;0;0;0;0;8;11;1442;656;NA;NA;NA;8;8
M3_43;0;0;0;0;0;0;8;10;1340;616;NA;NA;NA;8;8
M3_44;0;0;0;0;0;0;8;10;1384;660;NA;NA;NA;8;8
M3_45;0;0;0;0;0;0;8;10;1424;700;NA;NA;NA;8;8
M3_46;0;0;0;0;0;0;8;11;1454;668;NA;NA;NA;8;8
M3_47;0;0;0;0;0;0;8;11;1442;656;NA;NA;NA;8;8
M3_48;0;0;0;0;0;0;8;10;1384;660;NA;NA;NA;8;8
M3_49;0;0;0;0;0;0;8;9;1207;640;NA;NA;NA;8;8
M3_50;0;0;0;0;0;0;8;10;1356;632;NA;NA;NA;8;8
M3_51;1;1;1;90;0;0;9;13;1620;694;NA;NA;NA;9;8
M3_52;1;1;1;90;0;0;9;13;1612;686;NA;NA;NA;9;8
M3_53;0;0;0;0;0;0;8;9;1173;600;NA;NA;NA;8;8
M3_54;0;0;0;0;0;0;8;10;1420;696;NA;NA;NA;8;8
M3_55;0;0;0;0;0;0;8;11;1534;748;NA;NA;NA;8;8
M3_56;0;0;0;0;0;0;8;11;1498;712;NA;NA;NA;8;8
M3_57;0;0;0;0;0;0;8;10;1400;676;NA;NA;NA;8;8
M3_58;0;0;0;0;0;0;8;10;1364;640;NA;NA;NA;8;8
M3_59;0;0;0;0;0;0;8;10;1360;636;NA;NA;NA;8;8
M3_60;0;0;0;0;0;0;8;11;1430;644;NA;NA;NA;8;8
M3_61;0;0;0;0;0;0;8;11;1446;660;NA;NA;NA;8;8
M3_62;0;0;0;0;0;0;4;6;756;332;NA;NA;NA;4;4
M3_63;0;0;0;0;0;0;4;6;752;328;NA;NA;NA;4;4
M3_64;1;1;1;90;0;0;5;9;1028;402;NA;NA;NA;5;4
M3_65;0;0;0;0;0;0;4;7;786;300;NA;NA;NA;4;4
M3_66;0;0;0;0;0;0;4;6;784;360;NA;NA;NA;4;4
M3_67;0;0;0;0;0;0;4;6;732;308;NA;NA;NA;4;4
M3_68;0;0;0;0;0;0;4;7;802;316;NA;NA;NA;4;4
M3_69;0;0;0;0;0;0;4;6;744;320;NA;NA;NA;4;4
M3_70;0;0;0;0;0;0;4;6;776;352;NA;NA;NA;4;4
M3_71;0;0;0;0;0;0;4;6;784;360;NA;NA;NA;4;4
M3_72;0;0;0;0;0;0;4;7;810;324;NA;NA;NA;4;4
M3_73;0;0;0;0;0;0;6;6;748;478;NA;NA;NA;6;6
M3_74;1;1;1;90;0;0;7;9;1024;544;NA;NA;NA;7;6
M3_75;0;0;0;0;0;0;2;1;62;146;NA;NA;NA;2;2
M4_1;2;1;2;132;0;0;2;4;256;132;NA;NA;NA;2;0
M4_2;1;0;1;66;0;0;1;3;190;66;NA;NA;NA;1;0
M4_3;1;0;1;66;0;0;1;3;190;66;NA;NA;NA;1;0
M4_4;1;0;1;66;0;0;1;3;190;66;NA;NA;NA;1;0
M4_5;1;0;1;66;0;0;1;3;190;66;NA;NA;NA;1;0
M4_6;1;0;1;66;0;0;1;3;190;66;NA;NA;NA;1;0
M4_7;0;0;0;0;0;0;0;3;186;0;NA;NA;NA;0;0
M4_8;0;0;0;0;0;0;0;3;186;0;NA;NA;NA;0;0
M4_9;0;0;0;0;0;0;0;3;186;0;NA;NA;NA;0;0
M4_10;0;0;0;0;0;0;0;3;186;0;NA;NA;NA;0;0
M4_11;0;0;0;0;0;0;0;3;186;0;NA;NA;NA;0;0
M4_12;0;0;0;0;0;0;0;3;186;0;NA;NA;NA;0;0
M4_13;0;0;0;0;0;0;0;3;186;0;NA;NA;NA;0;0
M4_14;0;0;0;0;0;0;0;3;186;0;NA;NA;NA;0;0
M4_15;0;0;0;0;0;0;0;2;124;0;NA;NA;NA;0;0
M4_16;0;0;0;0;0;0;0;2;124;0;NA;NA;NA;0;0
M4_17;0;0;0;0;0;0;0;2;124;0;NA;NA;NA;0;0
M4_18;0;0;0;0;0;0;0;2;124;0;NA;NA;NA;0;0
M4_19;0;0;0;0;0;0;0;2;124;0;NA;NA;NA;0;0
M4_20;0;0;0;0;0;0;0;2;124;0;NA;NA;NA;0;0
M4_21;0;0;0;0;0;0;0;2;124;0;NA;NA;NA;0;0
M4_22;0;0;0;0;0;0;0;3;186;0;NA;NA;NA;0;0
M4_23;0;0;0;0;0;0;0;3;186;0;NA;NA;NA;0;0
M4_24;0;0;0;0;0;0;0;3;186;0;NA;NA;NA;0;0
M4_25;0;0;0;0;0;0;0;2;124;0;NA;NA;NA;0;0
M4_26;0;0;0;0;0;0;0;2;124;0;NA;NA;NA;0;0
M4_27;0;0;0;0;0;0;0;2;124;0;NA;NA;NA;0;0
M4_28;0;0;0;0;0;0;0;2;124;0;NA;NA;NA;0;0
M4_29;0;0;0;0;0;0;0;2;124;0;NA;NA;NA;0;0
M4_30;0;0;0;0;0;0;0;3;186;0;NA;NA;NA;0;0
M4_31;0;0;0;0;0;0;0;3;186;0;NA;NA;NA;0;0
M4_32;0;0;0;0;0;0;0;2;124;0;NA;NA;NA;0;0
M4_33;0;0;0;0;0;0;0;2;124;0;NA;NA;NA;0;0
M4_34;0;0;0;0;0;0;0;3;186;0;NA;NA;NA;0;0
M4_35;0;0;0;0;0;0;0;3;186;0;NA;NA;NA;0;0
M4_36;0;0;0;0;0;0;0;2;124;0;NA;NA;NA;0;0
M4_37;0;0;0;0;0;0;0;2;124;0;NA;NA;NA;0;0
M4_38;0;0;0;0;0;0;0;2;124;0;NA;NA;NA;0;0
M4_39;0;0;0;0;0;0;0;3;186;0;NA;NA;NA;0;0
M4_40;0;0;0;0;0;0;0;3;186;0;NA;NA;NA;0;0
M4_41;0;0;0;0;0;0;0;2;124;0;NA;NA;NA;0;0
M4_42;0;0;0;0;0;0;0;2;124;0;NA;NA;NA;0;0
M4_43;0;0;0;0;0;0;0;2;124;0;NA;NA;NA;0;0
M4_44;0;0;0;0;0;0;0;2;124;0;NA;NA;NA;0;0
M4_45;0;0;0;0;0;0;0;3;186;0;NA;NA;NA;0;0
M4_46;0;0;0;0;0;0;0;3;186;0;NA;NA;NA;0;0
M4_47;0;0;0;0;0;0;0;2;124;0;NA;NA;NA;0;0
M4_48;0;0;0;0;0;0;0;3;186;0;NA;NA;NA;0;0
M4_49;0;0;0;0;0;0;0;3;186;0;NA;NA;NA;0;0
M4_50;0;0;0;0;0;0;0;3;186;0;NA;NA;NA;0;0
M4_51;0;0;0;0;0;0;0;2;124;0;NA;NA;NA;0;0
M4_52;0;0;0;0;0;0;0;3;186;0;NA;NA;NA;0;0
M4_53;0;0;0;0;0;0;0;3;186;0;NA;NA;NA;0;0
M4_54;0;0;0;0;0;0;0;3;186;0;NA;NA;NA;0;0
M4_55;0;0;0;0;0;0;0;2;124;0;NA;NA;NA;0;0
M4_56;0;0;0;0;0;0;0;2;124;0;NA;NA;NA;0;0
M4_57;0;0;0;0;0;0;0;2;124;0;NA;NA;NA;0;0
M4_58;0;0;0;0;0;0;0;3;186;0;NA;NA;NA;0;0
M4_59;0;0;0;0;0;0;0;2;124;0;NA;NA;NA;0;0
M4_60;1;1;1;90;0;0;1;4;354;90;NA;NA;NA;1;0
M4_61;1;1;1;90;0;0;1;5;416;90;NA;NA;NA;1;0
M4_62;1;1;1;90;0;0;1;5;416;90;NA;NA;NA;1;0
M4_63;1;1;1;90;0;0;1;4;354;90;NA;NA;NA;1;0
M4_64;1;1;1;90;0;0;1;5;416;90;NA;NA;NA;1;0
M4_65;1;1;1;90;0;0;1;4;354;90;NA;NA;NA;1;0
M4_66;1;1;1;90;0;0;1;4;354;90;NA;NA;NA;1;0
M4_67;1;1;1;90;0;0;1;5;416;90;NA;NA;NA;1;0
M4_68;0;0;0;0;0;0;0;3;186;0;NA;NA;NA;0;0
M4_69;0;0;0;0;0;0;0;2;124;0;NA;NA;NA;0;0
M4_70;0;0;0;0;0;0;0;2;124;0;NA;NA;NA;0;0
M4_71;0;0;0;0;0;0;0;2;124;0;NA;NA;NA;0;0
M4_72;0;0;0;0;0;0;0;3;186;0;NA;NA;NA;0;0
M4_73;0;0;0;0;0;0;0;2;124;0;NA;NA;NA;0;0
M4_74;0;0;0;0;0;0;0;2;124;0;NA;NA;NA;0;0
M4_75;0;0;0;0;0;0;0;2;124;0;NA;NA;NA;0;0
